Nom, marque,CATEGORY, code sous-cateogru, unite,cout,PRIX,QUANTITE,QANTITE ALERT, code-hsn, code isbn,Image, details(virgule interdite),frais supplementaire,"	frais suplementaires 2mois","	frais suplementaires 3 mois",frais penalite 1 mois,frais penalite 2mois,frais penalite 3 mois
crayon de couleur etui 21,,papeterie,,pc,800,800,42,5,,,1594.jpg,,,,,,,
crayon de couleur peps etui 15,,papeterie,,pc,3850,3850,11,2,,,1597.jpg,,,,,,,
craie plastidecor etui 24,,papeterie,,pc,3800,3800,7,1,,,1598.jpg,,,,,,,
crayon de couleur aquarellable boite 18,,papeterie,,pc,4650,4650,32,4,,,1600.jpg,,,,,,,
crayon de couleur aquarellable boite 12,,papeterie,,pc,3100,3100,109,11,,,1601.jpg,,,,,,,
crayon de couleur peps boite 12,,papeterie,,pc,3600,3600,727,73,,,1602.jpg,,,,,,,
compas reversible nick,,papeterie,,pc,3000,3000,47,5,,,1608.jpg,,,,,,,
compas boite 3 pieces,,papeterie,,pc,3600,3600,28,3,,,1611.jpg,,,,,,,
pinceau aquarelle n 14 poney,,papeterie,,pc,700,700,87,9,,,1613.jpg,,,,,,,
regle plate 30cm lustran,,papeterie,,pc,400,400,1,1,,,1614.jpg,,,,,,,
pate a modeler fluo 8*33g,,papeterie,,pc,3800,3800,17,2,,,1620.jpg,,,,,,,
compas plastique crayon bois,,papeterie,,pc,1000,1000,221,23,,,1623.jpg,,,,,,,
pochette canson 180gr 24*32 afrique,,papeterie,,pc,1200,1200,90,9,,,1624.jpg,,,,,,,
compas plastique,,papeterie,,pc,800,800,50782,5079,,,1625.jpg,,,,,,,
gomme plastique office,,papeterie,,pc,350,350,243,25,,,1626.jpg,,,,,,,
pate a modeler 450g noir,,papeterie,,pc,1900,1900,13,2,,,1627.jpg,,,,,,,
crayon bicolore bleu rouge,,papeterie,,pc,1100,1100,213,22,,,1640.jpg,,,,,,,
pate a modeler rouge 450g,,papeterie,,pc,1900,1900,29,3,,,1644.jpg,,,,,,,
ensemble isograph pen st  (4),,papeterie,,pc,69900,69900,1,1,,,1647.jpg,,,,,,,
pastel durs 24 couleurs assorties,,papeterie,,pc,28550,28550,6,1,,,1656.jpg,,,,,,,
crayon pastel boite metal conte,,papeterie,,pc,41300,41300,6,1,,,1657.jpg,,,,,,,
crayon de couleur karat aquarelle boite 36,,papeterie,,pc,25000,25000,43,5,,,1658.jpg,,,,,,,
album photo mt+calque bleu 20f 27*28. 0917-504,,papeterie,,pc,26500,26500,37,4,,,1659.jpg,,,,,,,
compas balustre laiton coffret 028025,,papeterie,,pc,11850,11850,40,4,,,1664.jpg,,,,,,,
machine a tailleler bleu   501 20-3,,papeterie,,pc,12750,12750,7,1,,,1668.jpg,,,,,,,
album photo mt+calque rose 20f 27*28. 0917-503,,papeterie,,pc,17500,17500,16,2,,,1671.jpg,,,,,,,
feutres pinceaux aquabrush duo lyra etui 12,,papeterie,,pc,13000,13000,13,2,,,1674.jpg,,,,,,,
crayon de couleur groove slim lyra triang + taille crayon etui 36,,papeterie,,pc,15000,15000,9,1,,,1676.jpg,,,,,,,
feutre dessin boite 20 metal,,papeterie,,pc,15000,15000,16,2,,,1680.jpg,,,,,,,
compas technique 552 02,,papeterie,,pc,14750,14750,1,1,,,1682.jpg,,,,,,,
compas balustre 8 pieces   350805,,papeterie,,pc,10000,10000,4,1,,,1684.jpg,,,,,,,
compas convex a vis 400,,papeterie,,pc,14500,14500,1,1,,,1685.jpg,,,,,,,
gouache flacon 250ml,,papeterie,,pc,12130,12130,7,1,,,1688.jpg,,,,,,,
compas technique 551 01,,papeterie,,pc,13000,13000,2,1,,,1690.jpg,,,,,,,
liquitex hb 138 ml bleu ceruleum 922653,,papeterie,,pc,11650,11650,1,1,,,1691.jpg,,,,,,,
compas set 6 pieces  s0676560,,papeterie,,pc,7500,7500,1,1,,,1695.jpg,,,,,,,
crayon pastel boite metal conte boite 12,,papeterie,,pc,10750,10750,82,9,,,1696.jpg,,,,,,,
boussole orientation 60*128 mm-l 170125,,papeterie,,pc,6200,6200,119,12,,,1699.jpg,,,,,,,
gabarit de dessin rotring s0232590,,papeterie,,pc,9500,9500,12,2,,,1700.jpg,,,,,,,
crayon de couleur groove slim lyra triang + taille crayon etui 24,,papeterie,,pc,7500,7500,69,7,,,1701.jpg,,,,,,,
crayon de couleur gaucher etui 12,,papeterie,,pc,9350,9350,7,1,,,1703.jpg,,,,,,,
boussole randonnee d-54mm couvercle 170045,,papeterie,,pc,4700,4700,84,9,,,1706.jpg,,,,,,,
huile lefranc 40ml or,,papeterie,,pc,7500,7500,12,2,,,1718.jpg,,,,,,,
gouache en poudre magenta 1 kilo,,papeterie,,pc,7250,7250,1,1,,,1725.jpg,,,,,,,
kit dessin canson 239*25 jaune,,papeterie,,pc,6500,6500,1,1,,,1729.jpg,,,,,,,
gouache 12 pastille  couleurs assorties,,papeterie,,pc,6300,6300,1304,131,,,1730.jpg,,,,,,,
stylo stabilo easy pastel (pop),,papeterie,,pc,6000,6000,102,11,,,1733.jpg,,,,,,,
trace lettre            306070,,papeterie,,pc,4500,4500,99,10,,,1736.jpg,,,,,,,
peinture acrylique jaune primaire 534002,,papeterie,,pc,3200,3200,1,1,,,1737.jpg,,,,,,,
compas compact universelle 480,,papeterie,,pc,4500,4500,6,1,,,1738.jpg,,,,,,,
calque a4 90-95g bloc,,papeterie,,pc,3900,3900,12,2,,,1739.jpg,,,,,,,
te hetre verni - tete fixe 60cm,,papeterie,,pc,6300,6300,26,3,,,1742.jpg,,,,,,,
pochette dessin c a grain 224gr a3,,papeterie,,pc,7300,7300,10,1,,,1750.jpg,,,,,,,
acrylique fine 60ml jaune primaire,,papeterie,,pc,5000,5000,16,2,,,1754.jpg,,,,,,,
acrylique fine 60ml rouge vermillon,,papeterie,,pc,5000,5000,3,1,,,1756.jpg,,,,,,,
gouache 12 pastille 10mm+pinceau,,papeterie,,pc,4300,4300,125,13,,,1758.jpg,,,,,,,
gouache flacon 45ml,,papeterie,,pc,4850,4850,4,1,,,1760.jpg,,,,,,,
tablier protection enfant ( 3-5 ans),,papeterie,,pc,3350,3350,49,5,,,1761.jpg,,,,,,,
pochette dessin c a grain 180gr a3,,papeterie,,pc,6100,6100,1,1,,,1762.jpg,,,,,,,
crayon de couleur etui 12,,papeterie,,pc,5000,5000,1,1,,,1764.jpg,,,,,,,
bristol art 50*70 edit,,papeterie,,pc,4700,4700,5,1,,,1765.jpg,,,,,,,
gouache tubes 10ml assortis boite 10,,papeterie,,pc,5000,5000,1564,157,,,1771.jpg,,,,,,,
compas clip,,papeterie,,pc,4500,4500,153,16,,,1772.jpg,,,,,,,
tablier chasuble enfant ( 5-8 ans),,papeterie,,pc,2950,2950,24,3,,,1773.jpg,,,,,,,
bloc office 100f a4 parch bleu ciel,,papeterie,,pc,4250,4250,1,1,,,1775.jpg,,,,,,,
bloc office 100f a4 permanent white 90g,,papeterie,,pc,4250,4250,1,1,,,1777.jpg,,,,,,,
dessin vival 30f a4 10c 120g bloc,,papeterie,,pc,4000,4000,19,2,,,1783.jpg,,,,,,,
compas a tableau 40cm,,papeterie,,pc,3775,3775,57,6,,,1786.jpg,,,,,,,
pochette mi teinte vive +15% 24*32 160g,,papeterie,,pc,5450,5450,5,1,,,1790.jpg,,,,,,,
pate a modeler patplume 350g orange,,papeterie,,pc,2500,2500,31,4,,,1794.jpg,,,,,,,
fixat crayon fusain flacon 75ml,,papeterie,,pc,3550,3550,1,1,,,1796.jpg,,,,,,,
pate a modeler 25g etui 10 couleurs assorties,,papeterie,,pc,3950,3950,35,4,,,36574.jpg,,,,,,,
"sac bouteille recto verso choco-rouge,",,papeterie,,pc,3750,3750,40,4,,,1798.jpg,,,,,,,
gouache liquide 250ml argent,,papeterie,,pc,4650,4650,11,2,,,1799.jpg,,,,,,,
gouache liquide 250ml or,,papeterie,,pc,4950,4950,9,1,,,1800.jpg,,,,,,,
pochette calque bistre 24*32 70g,,papeterie,,pc,3500,3500,1134,114,,,1802.jpg,,,,,,,
pate a modeler couleurs assorties 500g,,papeterie,,pc,3800,3800,34,4,,,1803.jpg,,,,,,,
vitrail 50ml vert intense      210250,,papeterie,,pc,3250,3250,3,1,,,1805.jpg,,,,,,,
boussole de poche d-45mm couvercle     170028,,papeterie,,pc,1600,1600,94,10,,,1811.jpg,,,,,,,
encre liquide fluidine 50ml    jaune citron    210373,,papeterie,,pc,2950,2950,8,1,,,1815.jpg,,,,,,,
encre liquide fluidine 50ml rouge vermillon,,papeterie,,pc,2950,2950,14,2,,,1816.jpg,,,,,,,
encre liquide fluidine 50ml    bleu outre mer  210367,,papeterie,,pc,2950,2950,7,1,,,1817.jpg,,,,,,,
encre liquide fluidine 50ml blanc,,papeterie,,pc,2950,2950,15,2,,,1818.jpg,,,,,,,
encre liquide fluidine 50ml  bleu de cobalt 2103661,,papeterie,,pc,2950,2950,29,3,,,1819.jpg,,,,,,,
encre liquide fluidine 50ml vert emeraude,,papeterie,,pc,2950,2950,33,4,,,1820.jpg,,,,,,,
encre liquide fluidine 50ml vert pre,,papeterie,,pc,2950,2950,16,2,,,1821.jpg,,,,,,,
encre liquide fluidine 50ml terre sienne.brule,,papeterie,,pc,2950,2950,42,5,,,1822.jpg,,,,,,,
textile tis 50ml vert pomme 2107300,,papeterie,,pc,2950,2950,52,6,,,1823.jpg,,,,,,,
sac premium 12.5*9.5*38cm bouteille,,papeterie,,pc,2950,2950,67,7,,,1825.jpg,,,,,,,
dessin bistre bloc a4 0067-106,,papeterie,,pc,8500,8500,39,4,,,1826.jpg,,,,,,,
magic clip chrome 4mm boite 50.  750911,,papeterie,,pc,2850,2850,3,1,,,1830.jpg,,,,,,,
compas metal nick 5 pieces  355115,,papeterie,,pc,2200,2200,334,34,,,1834.jpg,,,,,,,
taille crayon + gomme,,papeterie,,pc,2650,2650,1,1,,,1836.jpg,,,,,,,
gouache liquide cyan flacon bleu 500ml   84273,,papeterie,,pc,2600,2600,3,1,,,1839.jpg,,,,,,,
gouache liquide vert printemps flacon 500ml  84285,,papeterie,,pc,2600,2600,1,1,,,1840.jpg,,,,,,,
gouache liquide marron flacon  500ml     532828,,papeterie,,pc,2600,2600,2,1,,,1841.jpg,,,,,,,
gouache liquide vert emeraude   500ml         532812,,papeterie,,pc,2600,2600,5,1,,,1842.jpg,,,,,,,
gouache liquide rose tyrien flacon  500ml         532806,,papeterie,,pc,2600,2600,10,1,,,1843.jpg,,,,,,,
gouache liquide noir flacon 500ml        84277,,papeterie,,pc,2600,2600,12,2,,,1845.jpg,,,,,,,
gouache liquide carmin   flacon 500ml 84280,,papeterie,,pc,2950,2950,2,1,,,1846.jpg,,,,,,,
gouache liquide violet  flacon  500ml  84286,,papeterie,,pc,2600,2600,6,1,,,1847.jpg,,,,,,,
gouache liquide bleu primaire flacon 500ml,,papeterie,,pc,2950,2950,3,1,,,1848.jpg,,,,,,,
gouache liquide rouge vermillon flacon 500ml         532807,,papeterie,,pc,2600,2600,5,1,,,1850.jpg,,,,,,,
gouache liquide bleu cobalt    500ml          84271,,papeterie,,pc,3000,3000,19,2,,,1851.jpg,,,,,,,
gouache liquide outremer flacon  500ml        532817,,papeterie,,pc,2600,2600,2,1,,,1852.jpg,,,,,,,
gouache liquide jaune d'or flacon 500ml,,papeterie,,pc,2600,2600,1,1,,,1853.jpg,,,,,,,
gouache liquide orange flacon 500ml        84278,,papeterie,,pc,2000,2000,9,1,,,1854.jpg,,,,,,,
gouache liquide vert franc ( clair) flacon 500ml 84284,,papeterie,,pc,2200,2200,4,1,,,1855.jpg,,,,,,,
gouache liquide blanc flacon  500ml,,papeterie,,pc,2600,2600,70,7,,,1857.jpg,,,,,,,
feuille fontaine 56*76. 300g,,papeterie,,pc,2500,2500,9,1,,,1858.jpg,,,,,,,
crayon esquisse pierre noir hb 2b conte blister 2,,papeterie,,pc,2400,2400,10,1,,,1861.jpg,,,,,,,
rapporteur a tableau jaune,,papeterie,,pc,2550,2550,96,10,,,1862.jpg,,,,,,,
equerre a tableau 60cm plastique jaune,,papeterie,,pc,2550,2550,1,1,,,1863.jpg,,,,,,,
peinture soie 50ml vert emeraude 2104767,,papeterie,,pc,2450,2450,144,15,,,1866.jpg,,,,,,,
lave pinceaux antiverse,,papeterie,,pc,1950,1950,18,2,,,1867.jpg,,,,,,,
blister 2 crayon esquisse graphite hb 2b conte a paris,,papeterie,,pc,2450,2450,18,2,,,1869.jpg,,,,,,,
gouache au doigt bebe super 220g,,papeterie,,pc,5300,5300,6,1,,,1871.jpg,,,,,,,
regle plate bois 40cm,,papeterie,,pc,1900,1900,41,5,,,1872.jpg,,,,,,,
peinture soie 50ml rouge d'orient 2104651,,papeterie,,pc,2250,2250,31,4,,,1874.jpg,,,,,,,
peinture soie 50ml cyan  2104729,,papeterie,,pc,2250,2250,59,6,,,1875.jpg,,,,,,,
peinture soie 50ml noir 2104842,,papeterie,,pc,2250,2250,51,6,,,1876.jpg,,,,,,,
peinture soie 50ml vermillon  2104644,,papeterie,,pc,2250,2250,45,5,,,1877.jpg,,,,,,,
peinture soie 50ml medium antifusant 2105009,,papeterie,,pc,2250,2250,37,4,,,1878.jpg,,,,,,,
dessin 30 feuilles a5 90g bloc,,papeterie,,pc,2225,2225,8,1,,,1879.jpg,,,,,,,
pochette 8 feuille calque couleur 100g 24*32,,papeterie,,pc,2150,2150,2,1,,,1882.jpg,,,,,,,
decoration creme d'acrylique 50ml outremer,,papeterie,,pc,2100,2100,95,10,,,1883.jpg,,,,,,,
decoration creme d'acrylique 50ml jaune,,papeterie,,pc,2100,2100,1,1,,,1884.jpg,,,,,,,
decoration creme d'acrylique 50ml carmin,,papeterie,,pc,2100,2100,41,5,,,1885.jpg,,,,,,,
decoration creme d'acrylique 50ml grenadine,,papeterie,,pc,2100,2100,2,1,,,1886.jpg,,,,,,,
decoration creme d'acrylique 50ml ton bois,,papeterie,,pc,2100,2100,24,3,,,1887.jpg,,,,,,,
decoration creme d'acrylique 50ml noir,,papeterie,,pc,2100,2100,4,1,,,1888.jpg,,,,,,,
decoration creme d'acrylique 50ml bleu clair,,papeterie,,pc,2100,2100,60,6,,,1889.jpg,,,,,,,
decoration creme d'acrylique 50ml vert golf,,papeterie,,pc,2100,2100,35,4,,,1890.jpg,,,,,,,
encre de chine 11ml            flacon        807073,,papeterie,,pc,2070,2070,10,1,,,1892.jpg,,,,,,,
taille crayon + gomme,,papeterie,,pc,1750,1750,18,2,,,1896.jpg,,,,,,,
compas plastique bague kid'z,,papeterie,,pc,750,750,116,12,,,1899.jpg,,,,,,,
peinture deco mat 50ml bleu zenith 2110706,,papeterie,,pc,1950,1950,2,1,,,1901.jpg,,,,,,,
taille crayon + gomme,,papeterie,,pc,1500,1500,13,2,,,1903.jpg,,,,,,,
boussole de poche d-35mm        170018,,papeterie,,pc,1000,1000,83,9,,,1904.jpg,,,,,,,
rouleau a peindre manche plastique658500,,papeterie,,pc,500,500,116,12,,,1905.jpg,,,,,,,
encre de chine rouge mars matic      745-2,,papeterie,,pc,2150,2150,1,1,,,1908.jpg,,,,,,,
encre de chine jaune mars matic      745-1,,papeterie,,pc,1850,1850,6,1,,,1909.jpg,,,,,,,
encre de chine bleu mars matic      745-3,,papeterie,,pc,1850,1850,1,1,,,1910.jpg,,,,,,,
encre de chine noir 11 ml       flacon,,papeterie,,pc,600,600,14,2,,,1911.jpg,,,,,,,
taille crayon + gomme,,papeterie,,pc,1650,1650,48,5,,,1912.jpg,,,,,,,
taille crayon + gomme,,papeterie,,pc,1500,1500,32,4,,,1914.jpg,,,,,,,
gouache au doigt 100ml assorti,,papeterie,,pc,1800,1800,178,18,,,1915.jpg,,,,,,,
feuille mi teinte gris dessin 160g 50*65,,papeterie,,pc,1750,1750,8,1,,,1918.jpg,,,,,,,
feuille mi teinte marron dessin 160g 50*65,,papeterie,,pc,1750,1750,11,2,,,1919.jpg,,,,,,,
mi teinte gris fume feuille dessin 160g 50*65,,papeterie,,pc,1750,1750,14,2,,,1920.jpg,,,,,,,
mi teinte vert ocean feuille dessin 160g 50*65,,papeterie,,pc,1750,1750,9,1,,,1921.jpg,,,,,,,
feuille mi teinte gris dessin 160g 50*65,,papeterie,,pc,1750,1750,5,1,,,1922.jpg,,,,,,,
crayon de couleur topicolor long etui 12,,papeterie,,pc,1750,1750,4621,463,,,1928.jpg,,,,,,,
carte de la france departement-fleuve 30218 sachets 2,,papeterie,,pc,1750,1750,477,48,,,1929.jpg,,,,,,,
taille crayon + gomme,,papeterie,,pc,1500,1500,2,1,,,1930.jpg,,,,,,,
"mine 0,3mm  etui 12 hb",,papeterie,,pc,1650,1650,2,1,,,1931.jpg,,,,,,,
taille crayon 2 trous,,papeterie,,pc,1000,1000,61,7,,,1935.jpg,,,,,,,
regle plate 30cm,,papeterie,,pc,600,600,167,17,,,1938.jpg,,,,,,,
mi teinte bleue turquoise feuille 50*65 160g,,papeterie,,pc,1500,1500,4,1,,,1939.jpg,,,,,,,
pate adhesive blu-tack,,papeterie,,pc,1400,1400,970,97,,,1940.jpg,,,,,,,
pinceau aquarelle numeros assortis,,papeterie,,pc,200,200,109,11,,,1941.jpg,,,,,,,
mi teinte violet 160g 50*65,,papeterie,,pc,1500,1500,2,1,,,1943.jpg,,,,,,,
taille crayon + gomme,,papeterie,,pc,1300,1300,41,5,,,1945.jpg,,,,,,,
gomme + balai,,papeterie,,pc,1400,1400,316,32,,,1946.jpg,,,,,,,
mi teinte lys feuille 50*65 160g,,papeterie,,pc,1400,1400,5,1,,,1949.jpg,,,,,,,
mi teinte safran feuille 50*65 160g,,papeterie,,pc,1400,1400,5,1,,,1951.jpg,,,,,,,
mi teinte rose fonce feuille 50*65 160g  n 352,,papeterie,,pc,1400,1400,2,1,,,1953.jpg,,,,,,,
mi teinte anis feuille 50*65 160g,,papeterie,,pc,1400,1400,1,1,,,1954.jpg,,,,,,,
compas study + etuis mine,,papeterie,,pc,1150,1150,638,64,,,1956.jpg,,,,,,,
badge a clip et bretelle       54212,,papeterie,,pc,1230,1230,456,46,,,1960.jpg,,,,,,,
mi teinte jaune soleil feuille 50*65 160g,,papeterie,,pc,1230,1230,3,1,,,1962.jpg,,,,,,,
mi teinte vert amande feuille 50*65 160g,,papeterie,,pc,1230,1230,230,23,,,1964.jpg,,,,,,,
porte gomme mars plastic,,papeterie,,pc,1200,1200,5,1,,,1967.jpg,,,,,,,
palette plastique ronde 10 trous,,papeterie,,pc,1000,1000,1,1,,,1968.jpg,,,,,,,
taille crayon 1 trou,,papeterie,,pc,1350,1350,8,1,,,1972.jpg,,,,,,,
taille crayon 2 trous,,papeterie,,pc,1500,1500,13,2,,,1975.jpg,,,,,,,
pinceau aquarelle n 20 poney,,papeterie,,pc,1150,1150,75,8,,,1976.jpg,,,,,,,
compas vivo bague  display 518110,,papeterie,,pc,550,550,94,10,,,1981.jpg,,,,,,,
regle plate 50cm cristal,,papeterie,,pc,750,750,7,1,,,1982.jpg,,,,,,,
"dessin c a grain 180gr 50*65   feuille        0021-183""""",,papeterie,,pc,900,900,87,9,,,1984.jpg,,,,,,,
crayon rembrandt splender lyra,,papeterie,,pc,900,900,152,16,,,1985.jpg,,,,,,,
encre a tampon 10ml noire flacon 585951,,papeterie,,pc,900,900,1,1,,,1986.jpg,,,,,,,
gomme mars plastic combi,,papeterie,,pc,750,750,413,42,,,1989.jpg,,,,,,,
bloc steno spiral ligne a5,,papeterie,,pc,750,750,2,1,,,1992.jpg,,,,,,,
taille crayon 1 trou,,papeterie,,pc,1000,1000,3,1,,,1994.jpg,,,,,,,
equerre 90  16cm biseau blanc  bois,,papeterie,,pc,700,700,298,30,,,1995.jpg,,,,,,,
pinceau aquarelle n 10 poney  175134,,papeterie,,pc,550,550,117,12,,,1999.jpg,,,,,,,
crayon pastel tendre bleu ciel,,papeterie,,pc,580,580,552,56,,,2002.jpg,,,,,,,
ciseaux ecolier avec poch plastique,,papeterie,,pc,500,500,24,3,,,2003.jpg,,,,,,,
compas ecolier 8615,,papeterie,,pc,500,500,2089,209,,,2008.jpg,,,,,,,
rapporteur 180,,papeterie,,pc,480,480,11,2,,,2011.jpg,,,,,,,
lefranc bourgeois pinceau corps en bois bleu poney numero 4,,papeterie,,pc,450,450,51,6,,,2016.jpg,,,,,,,
equerre 45mm,,papeterie,,pc,300,300,20,2,,,2019.jpg,,,,,,,
crayon staedtler pencils tradition,,papeterie,,pc,300,300,514,52,,,2020.jpg,,,,,,,
rapporteur 15 cm,,papeterie,,pc,350,350,177,18,,,2021.jpg,,,,,,,
crayon 6b tradition single staedtler,,papeterie,,pc,300,300,298,30,,,2024.jpg,,,,,,,
crayon a papier tradition 110-4h,,papeterie,,pc,300,300,54,6,,,2025.jpg,,,,,,,
double decimetre cristal 5106,,papeterie,,pc,100,100,53152,5316,,,2028.jpg,,,,,,,
pinceau aquarelle,,papeterie,,pc,200,200,224,23,,,2029.jpg,,,,,,,
equerre cristal 45 21cm  146123,,papeterie,,pc,300,300,5,1,,,2030.jpg,,,,,,,
equerre 10cm teinte 45,,papeterie,,pc,300,300,32,4,,,2031.jpg,,,,,,,
equerre cristal 60 21cm  146122,,papeterie,,pc,300,300,68,7,,,2032.jpg,,,,,,,
feuille a4 calque couleur 100grammes,,papeterie,,pc,300,300,142,15,,,2033.jpg,,,,,,,
brosse scolaire,,papeterie,,pc,290,290,5,1,,,2036.jpg,,,,,,,
double decimetre teinte,,papeterie,,pc,200,200,2,1,,,2038.jpg,,,,,,,
brosse scolaire,,papeterie,,pc,240,240,20,2,,,2041.jpg,,,,,,,
equerre 20cm 60,,papeterie,,pc,200,200,5,1,,,2044.jpg,,,,,,,
taille-crayon 1 trou,,papeterie,,pc,200,200,5578,558,,,2046.jpg,,,,,,,
rapporteur 180,,papeterie,,pc,190,190,9,1,,,2047.jpg,,,,,,,
pince double clip 25mm,,papeterie,,pc,200,200,3,1,,,2053.jpg,,,,,,,
gomme blanche carre,,papeterie,,pc,100,100,12,2,,,2054.jpg,,,,,,,
equerre 13 cm en plastique graduee,,papeterie,,pc,200,200,79886,7989,,,2055.jpg,,,,,,,
gomme blanche gm,,papeterie,,pc,100,100,1,1,,,2056.jpg,,,,,,,
protege documents a4 40 vues 20 poches,,papeterie,,pc,1800,1800,95,10,,,2060.jpg,,,,,,,
protege documents a4 80 vues 40 poches,,papeterie,,pc,2800,2800,4,1,,,2061.jpg,,,,,,,
machine a relier 110 bing combbind,,papeterie,,pc,95700,95700,2,1,,,2066.jpg,,,,,,,
bracelet caoutchouc 180*10 blond boite 100g,,papeterie,,pc,850,850,2,1,,,2069.jpg,,,,,,,
"lebon et vernay sp620 registre livre de transmission 150 pages format 21x29,7cm bleu",,papeterie,,pc,3500,3500,9,1,,,2073.jpg,,,,,,,
registre courier arrivee,,papeterie,,pc,3500,3500,32,4,,,2074.jpg,,,,,,,
poubelle a pedale plastique 40 litres 91979,,papeterie,,pc,58400,58400,2,1,,,2082.jpg,,,,,,,
corbeille a papier 510 noir,,papeterie,,pc,15400,15400,1,1,,,2091.jpg,,,,,,,
dossier suspendu armoire fond-15,,papeterie,,pc,2600,2600,351,36,,,2097.jpg,,,,,,,
classeur a4 personnalisable 4 anneaux d 40 dos 65 blanc,,papeterie,,pc,3800,3800,9,1,,,2098.jpg,,,,,,,
pochette coin a4 plastique incolore 75 microns,,papeterie,,pc,175,175,459,46,,,2099.jpg,,,,,,,
pochette perforee a4 plastique incolore 75 microns,,papeterie,,pc,50,50,166,17,,,2100.jpg,,,,,,,
classeur a4 personnalisable 4 anneaux d 40 dos 70 blanc,,papeterie,,pc,4300,4300,2,1,,,2101.jpg,,,,,,,
classeur a4 personnalisable 4 anneaux d 25 dos 30,,papeterie,,pc,3200,3200,4,1,,,2102.jpg,,,,,,,
protege documents a4 140 vues 70 poches,,papeterie,,pc,4200,4200,1963,197,,,2103.jpg,,,,,,,
protege documents a4 120 vues 60 poches,,papeterie,,pc,3400,3400,13,2,,,2104.jpg,,,,,,,
chemise a rabat elastique carton dos 40mm ass,,papeterie,,pc,3840,3840,29,3,,,2105.jpg,,,,,,,
post-it number & signs pads,,papeterie,,pc,5000,5000,70,7,,,2106.jpg,,,,,,,
cube mini feuille 50*50mm,,papeterie,,pc,1850,1850,55,6,,,2109.jpg,,,,,,,
post-it notes flag on papercard 4x12.5x43mm,,papeterie,,pc,1500,1500,14,2,,,2110.jpg,,,,,,,
post-it notes flag on papercard,,papeterie,,pc,2300,2300,76,8,,,2111.jpg,,,,,,,
post-it notes index pet 25x43mm,,papeterie,,pc,900,900,487,49,,,2112.jpg,,,,,,,
post-it z-notes devidoir pour notes adhesives 75x75 mm sans bloc,,papeterie,,pc,4650,4650,109,11,,,2116.jpg,,,,,,,
post-it z- notes devidoir notes dhesives 75x75mm jaune,,papeterie,,pc,3850,3850,153,16,,,2117.jpg,,,,,,,
reliure plastique pour archives,,papeterie,,pc,250,250,884,89,,,2121.jpg,,,,,,,
caisse pliante 8802 multicolore,,papeterie,,pc,10200,10200,1,1,,,2122.jpg,,,,,,,
caisson avec 3 cloisons 8103,,papeterie,,pc,87300,87300,5,1,,,2124.jpg,,,,,,,
classeur a4 personnalisable 4 anneaux d30 dos 50 blanc,,papeterie,,pc,3500,3500,47,5,,,2134.jpg,,,,,,,
lot de 10 classeur 4 anneaux 25 mm personnalisable essentials dos de 40 mm blanc,,papeterie,,pc,3300,3300,103,11,,,2135.jpg,,,,,,,
classeur a levier pvc s p dos 50mm rouge,,papeterie,,pc,2900,2900,125,13,,,2136.jpg,,,,,,,
classeur a levier pvc s p dos 50mm jaune,,papeterie,,pc,2900,2900,165,17,,,2137.jpg,,,,,,,
classeur a levier pvc s p dos 50mm bleu fonce,,papeterie,,pc,2900,2900,33,4,,,2138.jpg,,,,,,,
classeur a levier pvc s p dos 50mm gris,,papeterie,,pc,2600,2600,139,14,,,2139.jpg,,,,,,,
sous chemise 22*31 rose ax-educ,,papeterie,,pc,25,25,735,74,,,2140.jpg,,,,,,,
sous chemise 22*31 couleur  assorti ax-educ,,papeterie,,pc,25,25,15733,1574,,,2141.jpg,,,,,,,
baguette a relier 3mm cristal,,papeterie,,pc,150,150,4506,451,,,2147.jpg,,,,,,,
exacompta serodo boite de 25 baguettes a relier manuelle 3 mm noir,,papeterie,,pc,150,150,4473,448,,,2148.jpg,,,,,,,
distributeur aimant+ 50 attaches lettres couleur,,papeterie,,pc,1000,1000,13,2,,,2158.jpg,,,,,,,
trombone 32mm couleur boite 100,,papeterie,,pc,300,300,50,5,,,2159.jpg,,,,,,,
trombone 32mm galva boite 100,,papeterie,,pc,400,400,1,1,,,2160.jpg,,,,,,,
rubafix 558700 toile adhesif mille 50 mm x 3 m - jaune,,papeterie,,pc,7500,7500,17,2,,,2162.jpg,,,,,,,
rouleaux toile 38mm*3m rouge,,papeterie,,pc,4550,4550,9,1,,,2163.jpg,,,,,,,
rubafix 572700 toile adhesif mille 38 mm x 3 m - jaune,,papeterie,,pc,4550,4550,8,1,,,2164.jpg,,,,,,,
enveloppe bulle 114*162,,papeterie,,pc,20,20,6585,659,,,2165.jpg,,,,,,,
chemise a rabat elastique cl 5 10 assortie,,papeterie,,pc,900,900,2,1,,,2166.jpg,,,,,,,
carton a dessin 52*72,,papeterie,,pc,8550,8550,1,1,,,2167.jpg,,,,,,,
protege documents a4 60 vues 30 poches,,papeterie,,pc,2500,2500,57,6,,,2168.jpg,,,,,,,
trombone 25mm couleur boite 100,,papeterie,,pc,300,300,299,30,,,2169.jpg,,,,,,,
pot a crayon,,papeterie,,pc,1290,1290,1,1,,,2170.jpg,,,,,,,
registre courier depart,,papeterie,,pc,3500,3500,42,5,,,2171.jpg,,,,,,,
chemise a sangle vert clair toile 24*32,,papeterie,,pc,1800,1800,2104,211,,,2174.jpg,,,,,,,
fiche scolaire assorties,,papeterie,,pc,170,170,872,88,,,2175.jpg,,,,,,,
chemise 24*32 orange ax-educ,,papeterie,,pc,80,80,2950,295,,,2176.jpg,,,,,,,
stylo bille vert ppu,,papeterie,,pc,50,50,5433,544,,,2177.jpg,,,,,,,
business bag,,papeterie,,pc,200,200,6412,642,,,2181.jpg,,,,,,,
chemise 24*32 bleu fonce jura 1,,papeterie,,pc,80,80,4,1,,,2187.jpg,,,,,,,
bracelets caoutchouc n,,papeterie,,pc,600,600,772,78,,,2189.jpg,,,,,,,
agrafes bb cu 1000 (boite rose)    ecureuil,,papeterie,,pc,350,350,4752,476,,,2190.jpg,,,,,,,
sous chemise 22*31 bleu fonce,,papeterie,,pc,25,25,7,1,,,2196.jpg,,,,,,,
manifold rec dep a4 50 2,,papeterie,,pc,4160,4160,2,1,,,2201.jpg,,,,,,,
registre auxiliaire ( brouillard de caisse),,papeterie,,pc,9500,9500,10,1,,,2203.jpg,,,,,,,
registre employeur 3eme fascicule gepe05,,papeterie,,pc,1880,1880,417,42,,,2204.jpg,,,,,,,
registre employeur 2eme fascicule gepe04,,papeterie,,pc,5200,5200,200,20,,,2205.jpg,,,,,,,
registre employeur 1er fascicule,,papeterie,,pc,1880,1880,153,16,,,2206.jpg,,,,,,,
etiquette multi usages jaune 210*297 pochettes 100,,papeterie,,pc,36200,36200,1,1,,,2210.jpg,,,,,,,
etiquette multi usages jaune 105*148.5 pochettes 400,,papeterie,,pc,36200,36200,2,1,,,2211.jpg,,,,,,,
etiquette pet dorees 210*297 pochettes 10 feuilles,,papeterie,,pc,16800,16800,4,1,,,2215.jpg,,,,,,,
etiquette plastifie 170*257 pochette 10feuilles,,papeterie,,pc,16500,16500,4,1,,,2216.jpg,,,,,,,
etiquette multi usages 105*42 pochette 1400,,papeterie,,pc,15350,15350,18,2,,,2217.jpg,,,,,,,
etiquette multi usages 210*297 pochette export 100,,papeterie,,pc,17500,17500,2,1,,,2220.jpg,,,,,,,
etiquette multi usages vert 210*297 pochette 20,,papeterie,,pc,9000,9000,2,1,,,2224.jpg,,,,,,,
etiquette j l c coeur rose 20feuilles,,papeterie,,pc,9950,9950,2,1,,,2227.jpg,,,,,,,
etiquette laser copieur rouge fluo 99.1*67.7 pochette,,papeterie,,pc,9550,9550,94,10,,,2228.jpg,,,,,,,
etiquette dos classeur blanc 190*38 pochette 140,,papeterie,,pc,7500,7500,3,1,,,2231.jpg,,,,,,,
boite classeur dos 40mm exabox assorti (carton),,papeterie,,pc,3500,3500,1,1,,,2232.jpg,,,,,,,
etui a5 320 etiquettes blanc 48.5*25,,papeterie,,pc,2000,2000,8,1,,,2237.jpg,,,,,,,
jeu intercalaire  alpha a-z cartes  20 positions,,papeterie,,pc,2500,2500,94,10,,,2238.jpg,,,,,,,
jeu d'intercalaires a4  polypropylene 12 positions  1512e,,papeterie,,pc,1800,1800,1,1,,,2240.jpg,,,,,,,
jeu d'intercalaires  mensuel    47109 polypropylene 12 positions.,,papeterie,,pc,1590,1590,1,1,,,2241.jpg,,,,,,,
jeud' intercalaires a4 12 positions carte lustre  1412e,,papeterie,,pc,950,950,39,4,,,2242.jpg,,,,,,,
exacompta jeu d'intercalaires 12positions a4 carte lustree,,papeterie,,pc,1100,1100,188,19,,,2244.jpg,,,,,,,
post-it tartan 76x127    12776 jaune,,papeterie,,pc,350,350,2492,250,,,2245.jpg,,,,,,,
trombone  plastique triangle  tb003,,papeterie,,pc,850,850,2017,202,,,2249.jpg,,,,,,,
post-it note 76*101 jaune 7734,,papeterie,,pc,400,400,39,4,,,2250.jpg,,,,,,,
jeu d'intercalaires 17*22 .carton  6 positions 577421,,papeterie,,pc,600,600,68,7,,,2253.jpg,,,,,,,
classeur box translucide 4  grands tiroirs assortis,,papeterie,,pc,13000,13000,3,1,,,2260.jpg,,,,,,,
agrafeuse bostich p3,,papeterie,,pc,25500,25500,8,1,,,2262.jpg,,,,,,,
sous-main simple 40*60 noir    716200,,papeterie,,pc,17500,17500,1,1,,,2269.jpg,,,,,,,
bloc faf,,papeterie,,pc,9500,9500,18,2,,,2270.jpg,,,,,,,
classeur a4 person dos 95mm blanc,,papeterie,,pc,6500,6500,2,1,,,2288.jpg,,,,,,,
chemise a tiret 24*32 orange 2142,,papeterie,,pc,5850,5850,1,1,,,2293.jpg,,,,,,,
porte timbre 6 places  2108306,,papeterie,,pc,5550,5550,2,1,,,2295.jpg,,,,,,,
classeur a4 person dos 50mm dos 75mm blanc,,papeterie,,pc,4500,4500,53,6,,,2296.jpg,,,,,,,
classeur a4 person dos 60mm dos 90mm    blanc,,papeterie,,pc,4800,4800,52,6,,,2297.jpg,,,,,,,
porte bloc rouge avec couverture,,papeterie,,pc,4950,4950,5,1,,,2299.jpg,,,,,,,
classeur a4 dos 40mm chatons duo,,papeterie,,pc,4300,4300,24,3,,,2305.jpg,,,,,,,
classeur a4 dos 40 supercars 594.73,,papeterie,,pc,4300,4300,19,2,,,2307.jpg,,,,,,,
classeur a4 personnalisable 2 anneaux dos 60mm,,papeterie,,pc,4500,4500,256,26,,,2318.jpg,,,,,,,
classeur a4 personnalisable dos 40 dos 65 bleu,,papeterie,,pc,3200,3200,2,1,,,2323.jpg,,,,,,,
classeur a4 4 anneaux tweety 54901501,,papeterie,,pc,14800,14800,5,1,,,2329.jpg,,,,,,,
boite de classeurement polypropylene couleur assortie dos 40mm,,papeterie,,pc,4200,4200,17,2,,,2337.jpg,,,,,,,
classeur levier gris dos 70mm avec perforateur,,papeterie,,pc,4050,4050,64,7,,,2338.jpg,,,,,,,
fiche stock 12.5 x 200 vert     paquet 100        fs2801,,papeterie,,pc,3790,3790,3,1,,,2345.jpg,,,,,,,
porte timbre 12 places 2108312,,papeterie,,pc,3770,3770,35,4,,,2346.jpg,,,,,,,
boite classeurement d40 scotten assortie,,papeterie,,pc,3750,3750,3,1,,,2347.jpg,,,,,,,
classeur a4 personnalisable diametre 30mm dos 50mm  bleu,,papeterie,,pc,2850,2850,11,2,,,2349.jpg,,,,,,,
classeur levier dos large avec perforateur jaune pvc 70mm,,papeterie,,pc,2500,2500,8,1,,,2356.jpg,,,,,,,
classeur levier dos large avec perforateur orange pvc 70mm,,papeterie,,pc,2500,2500,2,1,,,2357.jpg,,,,,,,
classeur levier dos large avec perforateur rouge pvc 70mm,,papeterie,,pc,2500,2500,1,1,,,2358.jpg,,,,,,,
classeur levier dos large avec perforateur vert fonce  pvc 70mm,,papeterie,,pc,2500,2500,64,7,,,2359.jpg,,,,,,,
classeur a4 personnalisable  diametre 30mm dos 50mm    blanc,,papeterie,,pc,3500,3500,1,1,,,2363.jpg,,,,,,,
classeur a4 personnalisable 4 anneaux dos 30mm blanc,,papeterie,,pc,3500,3500,3,1,,,2364.jpg,,,,,,,
boite classeur pvc pliable dos 100 mm rouge,,papeterie,,pc,3650,3650,10,1,,,2365.jpg,,,,,,,
boite classeur pvc pliable dos 100 mm bleu,,papeterie,,pc,3250,3250,2,1,,,2366.jpg,,,,,,,
boite classeur pvc pliable dos 100 mm vert,,papeterie,,pc,3500,3500,2,1,,,2367.jpg,,,,,,,
agrafeuse eurodesk 100,,papeterie,,pc,3500,3500,1,1,,,2368.jpg,,,,,,,
classeur a4 personnalisable diametre 30mm dos 50mm rouge,,papeterie,,pc,3150,3150,10,1,,,2369.jpg,,,,,,,
cube 90*90*90  blanc   999,,papeterie,,pc,3500,3500,60,6,,,2371.jpg,,,,,,,
classeur a4 personnalisable diametre 30mm dos 50mm    blanc,,papeterie,,pc,3500,3500,1,1,,,2375.jpg,,,,,,,
porte carte de visite 180 pieces,,papeterie,,pc,3300,3300,40,4,,,2376.jpg,,,,,,,
chemise ressort 24*32 bleu   2138 240100025,,papeterie,,pc,3300,3300,884,89,,,2377.jpg,,,,,,,
chemise ressort 24*32 rouge  2138 240100075,,papeterie,,pc,3300,3300,1493,150,,,2378.jpg,,,,,,,
chemise ressort 24*32 jaune  2138 240100035,,papeterie,,pc,3300,3300,949,95,,,2379.jpg,,,,,,,
etiquette blanc 26*16 rl1000,,papeterie,,pc,2000,2000,2516,252,,,2380.jpg,,,,,,,
boite classeur pvc pliable 70mm gris 56008,,papeterie,,pc,3050,3050,1,1,,,2388.jpg,,,,,,,
classeur levier dos large avec perforateur gris pvc 70mm,,papeterie,,pc,2500,2500,257,26,,,2389.jpg,,,,,,,
caisse de rangement blanc bleu,,papeterie,,pc,2900,2900,503,51,,,2394.jpg,,,,,,,
recharge tampon shiny noir s830,,papeterie,,pc,2800,2800,5,1,,,2395.jpg,,,,,,,
recharge tampon s829 noir,,papeterie,,pc,2800,2800,4,1,,,2396.jpg,,,,,,,
agraffes jacky 08 boite 5000,,papeterie,,pc,2800,2800,6,1,,,2397.jpg,,,,,,,
dessin canson polypropylene 27*35 vive assorties pochettes,,papeterie,,pc,2800,2800,201,21,,,2398.jpg,,,,,,,
recharge tampon shiny rouge s830,,papeterie,,pc,2800,2800,4,1,,,2399.jpg,,,,,,,
classeur levier dos large sans perforateur blanc pvc 70mm,,papeterie,,pc,2000,2000,103,11,,,2403.jpg,,,,,,,
classeur levier dos large sans perforateur vert fonce pvc 70mm,,papeterie,,pc,2000,2000,2,1,,,2404.jpg,,,,,,,
porte bloc intense assorti  177573,,papeterie,,pc,2600,2600,3,1,,,2407.jpg,,,,,,,
chemise dossier clip a4 blanc transparent,,papeterie,,pc,2500,2500,163,17,,,2411.jpg,,,,,,,
chemise dossier clip a4 noir lucido,,papeterie,,pc,2500,2500,841,85,,,2412.jpg,,,,,,,
classeur levier dos large sans perforateur gris carton,,papeterie,,pc,2000,2000,1,1,,,2413.jpg,,,,,,,
boite de classeurement pvc pliable dos 70mm rouge 56003,,papeterie,,pc,2800,2800,31,4,,,2421.jpg,,,,,,,
bloc direction a4 100 feuilles quadrillage 5,,papeterie,,pc,1850,1850,54,6,,,2424.jpg,,,,,,,
pochette perforateur a3 plastique incolore horizontale,,papeterie,,pc,1850,1850,1,1,,,2426.jpg,,,,,,,
cartobox vert dos 30mm 185,,papeterie,,pc,3250,3250,17,2,,,2427.jpg,,,,,,,
ouvre lettre 215mm lame acier,,papeterie,,pc,1700,1700,2,1,,,2428.jpg,,,,,,,
chemise rabat elastique + etiquettes 24*32 couleurs  assorties  4 10 polypropylene,,papeterie,,pc,900,900,1,1,,,2429.jpg,,,,,,,
chemise a sangle jaune toile  24*32,,papeterie,,pc,1800,1800,24,3,,,2430.jpg,,,,,,,
chemise a sangle gris toile 24*32,,papeterie,,pc,1550,1550,90,9,,,2433.jpg,,,,,,,
chemise a sangle fuchsia bordeaux 24*32,,papeterie,,pc,1800,1800,118,12,,,2434.jpg,,,,,,,
chemise a sangle vert fonce toile 24*32,,papeterie,,pc,1800,1800,335,34,,,2437.jpg,,,,,,,
cartobox gris,,papeterie,,pc,4400,4400,30,3,,,2439.jpg,,,,,,,
cartobox ivoire,,papeterie,,pc,4200,4200,283,29,,,2440.jpg,,,,,,,
classeur a plat pvc vert  5500308,,papeterie,,pc,5000,5000,5,1,,,2441.jpg,,,,,,,
fiche planning individuelle 3 rouge l'etui,,papeterie,,pc,1500,1500,1,1,,,2442.jpg,,,,,,,
bloc direction a4 ( bloc faco),,papeterie,,pc,1200,1200,75,8,,,2449.jpg,,,,,,,
bloc direction a4 ( sotefi),,papeterie,,pc,1250,1250,15,2,,,2450.jpg,,,,,,,
"bloc telephone 10,5*15  bt0011 100 feuilles",,papeterie,,pc,1010,1010,14,2,,,2455.jpg,,,,,,,
chemise present pince a4 blanc  56377,,papeterie,,pc,1010,1010,2824,283,,,2457.jpg,,,,,,,
dossiers suspendus tiroir f-15 kraft orange 10207,,papeterie,,pc,850,850,44,5,,,2458.jpg,,,,,,,
chemise dossier clip a4 assortie,,papeterie,,pc,1000,1000,4765,477,,,2459.jpg,,,,,,,
post-it note 75*125 couleur assortie,,papeterie,,pc,700,700,2035,204,,,2460.jpg,,,,,,,
dossier suspendu armoire f-15 22114,,papeterie,,pc,500,500,1831,184,,,2463.jpg,,,,,,,
badge plastique b7-z001 vertical,,papeterie,,pc,900,900,23184,2319,,,2464.jpg,,,,,,,
badge plastique b7-z001 horizontal,,papeterie,,pc,900,900,24106,2411,,,2465.jpg,,,,,,,
dossier suspendu tiroir f-v     kraft orange 10202,,papeterie,,pc,850,850,123,13,,,2467.jpg,,,,,,,
bloc cube multicolore 9x9  bcm9*9,,papeterie,,pc,2500,2500,18,2,,,2468.jpg,,,,,,,
chemise rabat elastique+etiquette vert     caraibes,,papeterie,,pc,750,750,150,15,,,2471.jpg,,,,,,,
chemise rabat elastique+etiquette rouge    classeurique,,papeterie,,pc,750,750,240,24,,,2472.jpg,,,,,,,
chemise rabat elastique couleur 5 10 assorties 55500e,,papeterie,,pc,800,800,79,8,,,2473.jpg,,,,,,,
badge plastique t-015v,,papeterie,,pc,700,700,21531,2154,,,2476.jpg,,,,,,,
boite archive 25*36 diametre 10cm,,papeterie,,pc,680,680,90,9,,,2477.jpg,,,,,,,
boite archive 27*36 dos 10cm vd 28,,papeterie,,pc,700,700,3286,329,,,2478.jpg,,,,,,,
livret scolaire,,papeterie,,pc,650,650,42,5,,,2479.jpg,,,,,,,
chemise rabat elastique+etiquette vert,,papeterie,,pc,650,650,314,32,,,2480.jpg,,,,,,,
chemise rabat elastique+etiquette orange,,papeterie,,pc,650,650,141,15,,,2481.jpg,,,,,,,
chemise rabat elastique+etiquette turquoise,,papeterie,,pc,650,650,244,25,,,2482.jpg,,,,,,,
chemise rabat elastique+etiquette rouge,,papeterie,,pc,650,650,426,43,,,2483.jpg,,,,,,,
chemise rabat elastique+etiquette vert fonce,,papeterie,,pc,650,650,131,14,,,2484.jpg,,,,,,,
chemise present lamelle assortie  polypropylene,,papeterie,,pc,600,600,1652,166,,,2486.jpg,,,,,,,
badge plastique t-014v vertical,,papeterie,,pc,500,500,21452,2146,,,2487.jpg,,,,,,,
chemise dos toile lilas 24*32,,papeterie,,pc,400,400,146,15,,,29366.jpg,,,,,,,
chemise present lamelle lilas polypropylene,,papeterie,,pc,450,450,10,1,,,2495.jpg,,,,,,,
post-it notes jaune 75*75,,papeterie,,pc,250,250,20,2,,,2498.jpg,,,,,,,
chemise 24*32 fuchsia bahia       210020e,,papeterie,,pc,175,175,306,31,,,2499.jpg,,,,,,,
chemise 24*32 cardinal bahia      210012e,,papeterie,,pc,175,175,112,12,,,2500.jpg,,,,,,,
chemise 24*32 orange jura 1       340007e,,papeterie,,pc,80,80,72531,7254,,,2503.jpg,,,,,,,
chemise  24*32 jaune jura 1        340005e,,papeterie,,pc,80,80,2,1,,,2505.jpg,,,,,,,
sous-chemise 22*31 bleu turquois bahia 800019e,,papeterie,,pc,80,80,298,30,,,2509.jpg,,,,,,,
sous-chemise 22*31 orange ax-educ,,papeterie,,pc,30,30,1556,156,,,2516.jpg,,,,,,,
sous-chemise 22*31 jaune ax-educ,,papeterie,,pc,25,25,26,3,,,2517.jpg,,,,,,,
chemise 24*32 jaune 180grs,,papeterie,,pc,100,100,280,28,,,2520.jpg,,,,,,,
chemise 24*32 rouge 180grs,,papeterie,,pc,100,100,43,5,,,2521.jpg,,,,,,,
chemise 24*32 bleu clair 180grs,,papeterie,,pc,100,100,34609,3461,,,2522.jpg,,,,,,,
pochette plastique a4 zip 3c,,papeterie,,pc,250,250,1529,153,,,2524.jpg,,,,,,,
"etiquette blanc jet d'encre - laser - copy 70,0*35,0",,papeterie,,pc,4850,4850,10,1,,,2535.jpg,,,,,,,
pochette coin a4 incolore 110 microns,,papeterie,,pc,150,150,2131,214,,,2546.jpg,,,,,,,
chemise 24*32 assorties pap,,papeterie,,pc,80,80,6671,668,,,2558.jpg,,,,,,,
chemise present lamelle rouge     polypropylene     4492-12,,papeterie,,pc,450,450,23,3,,,2561.jpg,,,,,,,
chemise presentation lamelle bleu fonce  polypropylene,,papeterie,,pc,450,450,49,5,,,2562.jpg,,,,,,,
sous-chemise 22*31 blanc bahia,,papeterie,,pc,100,100,320,32,,,2563.jpg,,,,,,,
trieur a cavalier 26 compartiments alphabetique noir,,papeterie,,pc,39750,39750,128,13,,,2569.jpg,,,,,,,
trieur a cavalier 26 compartiments alphabetique rouge,,papeterie,,pc,39750,39750,48,5,,,2570.jpg,,,,,,,
trieur a cavalier 26 compartiments alphabetique bleu,,papeterie,,pc,39750,39750,66,7,,,2571.jpg,,,,,,,
trieur a cavalier 31 compartiments numerique noir,,papeterie,,pc,45500,45500,83,9,,,2572.jpg,,,,,,,
bloc leitz 5 tiroirs,,papeterie,,pc,77000,77000,1,1,,,2575.jpg,,,,,,,
cahier de recherche a4 spiral 220p,,papeterie,,pc,1000,1000,1,1,,,2580.jpg,,,,,,,
cahier pique 17x22 32p violet 90g seyes polypro,,papeterie,,pc,450,450,241,25,,,2584.jpg,,,,,,,
cahier pique 17x22 32p rouge 90g seyes polypro,,papeterie,,pc,450,450,130,13,,,2585.jpg,,,,,,,
cahier pique 17x22 32p orange 90g seyes polypro,,papeterie,,pc,450,450,171,18,,,2586.jpg,,,,,,,
cahier pique 17x22 32p jaune 90g seyes polypro,,papeterie,,pc,450,450,199,20,,,2587.jpg,,,,,,,
cahier pique 17x22 32p vert 90g seyes polypro,,papeterie,,pc,450,450,273,28,,,2588.jpg,,,,,,,
cahier pique 17x22 32p bleu 90g seyes polypro,,papeterie,,pc,350,350,5,1,,,2589.jpg,,,,,,,
cahier pique 17*22 48p bleu 90g seyes polypro,,papeterie,,pc,500,500,196,20,,,2596.jpg,,,,,,,
cahier de dessin pique 17x22 32p 90g 8000 polypro uni,,papeterie,,pc,500,500,44,5,,,2599.jpg,,,,,,,
bloc steno a4 uni,,papeterie,,pc,1600,1600,302,31,,,2600.jpg,,,,,,,
rouleaux cadeau metrallise 50x0.70 moti f2,,papeterie,,pc,46750,46750,1,1,,,2601.jpg,,,,,,,
feuille mobile a4 100 pages vert seyes,,papeterie,,pc,1400,1400,100,10,,,2604.jpg,,,,,,,
feuille mobile a4 100 pages bleu seyes,,papeterie,,pc,1400,1400,19,2,,,2605.jpg,,,,,,,
cahier pique 24x32 140p incolore 4 index 8000 polypro seyes,,papeterie,,pc,2800,2800,40,4,,,2606.jpg,,,,,,,
cahier pique a4 96p incolore 3 index 8000 polypro seyes,,papeterie,,pc,2500,2500,139,14,,,2607.jpg,,,,,,,
feuille mobile perforee a4 90g 200p q5*5 paquet 100,,papeterie,,pc,2600,2600,115,12,,,2608.jpg,,,,,,,
manifold recette depense a4 dupli,,papeterie,,pc,2000,2000,2,1,,,2610.jpg,,,,,,,
carnet bon de commande dupli 210*140 autocopiant,,papeterie,,pc,3200,3200,31,4,,,2611.jpg,,,,,,,
manifold bon livraison 210*140 dupli autocollant,,papeterie,,pc,3400,3400,5,1,,,2614.jpg,,,,,,,
carnet bulettin de paye,,papeterie,,pc,1500,1500,676,68,,,2618.jpg,,,,,,,
agrafe 23 13 boite 1000,,papeterie,,pc,1400,1400,1676,168,,,2626.jpg,,,,,,,
landr,,papeterie,,pc,950,950,107,11,,,2627.jpg,,,,,,,
cahier de recherche a4 120p,,papeterie,,pc,750,750,310,31,,,2628.jpg,,,,,,,
cahier pique 17*22 96p index 3 incolore 8000 polypro,,papeterie,,pc,1450,1450,485,49,,,2629.jpg,,,,,,,
cahier spiral 17*22. 224p q5 5 90g,,papeterie,,pc,5050,5050,422,43,,,2630.jpg,,,,,,,
cahier spiral 17*22. 224p seyes 90g,,papeterie,,pc,4800,4800,29,3,,,2631.jpg,,,,,,,
cahier spiral a4 224p seyes 90g,,papeterie,,pc,6200,6200,17,2,,,2632.jpg,,,,,,,
cahier broche 24*32 192p seyes 90g,,papeterie,,pc,6200,6200,27,3,,,2634.jpg,,,,,,,
cahier pique 24*32 192p seyes 90g,,papeterie,,pc,5100,5100,7,1,,,2635.jpg,,,,,,,
cahier pique 24*32 96p q5 5 90g,,papeterie,,pc,2900,2900,82,9,,,2636.jpg,,,,,,,
calligraphe lot de 2 cahiers pique 24x32cm polypro 96p seyes 90g bleu,,papeterie,,pc,2700,2700,76,8,,,2637.jpg,,,,,,,
cahier broche a4 288p seyes 90g,,papeterie,,pc,6850,6850,2,1,,,2638.jpg,,,,,,,
cahier broche a4 192p q5 5 90g,,papeterie,,pc,4850,4850,7,1,,,2639.jpg,,,,,,,
cahier broche a4 192p seyes 90g,,papeterie,,pc,4850,4850,52,6,,,2640.jpg,,,,,,,
calligraphe lot de 10 cahiers pique polypro 17x22 cm 48 p seyes 90g jaune,,papeterie,,pc,800,800,649,65,,,2641.jpg,,,,,,,
brochure rembordee 17*22 192p seyes 90g,,papeterie,,pc,4800,4800,16,2,,,2642.jpg,,,,,,,
"calligraphe forever calligraphe, cahier pique 24x32 96p seyes 70g recycle et certifie",,papeterie,,pc,1000,1000,316,32,,,2645.jpg,,,,,,,
cahier spiral 17*22 200p seyes,,papeterie,,pc,1000,1000,1,1,,,2646.jpg,,,,,,,
feuille mobile a4 100 pages vert rose,,papeterie,,pc,1400,1400,40,4,,,2647.jpg,,,,,,,
cahier spiral a4 200p seyes,,papeterie,,pc,1600,1600,129,13,,,2648.jpg,,,,,,,
cahier de dessin 16p 90,,papeterie,,pc,200,200,27,3,,,2650.jpg,,,,,,,
cahier de musique 22*17 48p,,papeterie,,pc,650,650,191,20,,,2651.jpg,,,,,,,
cahier de texte pique 17*22 70g 96p seyes,,papeterie,,pc,850,850,3,1,,,2652.jpg,,,,,,,
cahier de texte 17*22 70g 96p seyes,,papeterie,,pc,1100,1100,31,4,,,2653.jpg,,,,,,,
cahier pique 24*32 192p q5*5,,papeterie,,pc,1500,1500,1,1,,,2654.jpg,,,,,,,
cahier pique 24*32 70g 96p q5 5,,papeterie,,pc,1000,1000,326,33,,,2655.jpg,,,,,,,
cahier spiral a4 288p seyes,,papeterie,,pc,2250,2250,43,5,,,2656.jpg,,,,,,,
rouleaux kraft 65g 68*300 orange,,papeterie,,pc,1650,1650,25,3,,,2662.jpg,,,,,,,
calligraphe cahier pique polypro poesie & chant 17x22cm 48p r,,papeterie,,pc,500,500,185,19,,,2663.jpg,,,,,,,
cahier pique 17*22 gris 48p seyes 90g 8000 polypro,,papeterie,,pc,500,500,39,4,,,2664.jpg,,,,,,,
cahier pique 17*22 violet 48p seyes 8000 polypro,,papeterie,,pc,500,500,100,10,,,2665.jpg,,,,,,,
calligraphe lot de 10 cahiers pique polypro 17x22 cm 48 p seyes 90g rouge,,papeterie,,pc,450,450,99,10,,,2666.jpg,,,,,,,
cahier pique 17*22 orange 48p seyes 8000 polypro,,papeterie,,pc,500,500,2,1,,,2667.jpg,,,,,,,
calligraphe lot de 5 cahiers pique polypro 17x22 cm 48 p seyes 90g rose,,papeterie,,pc,450,450,11,2,,,2668.jpg,,,,,,,
cahier pique 17*22 jaune 48p seyes 8000 polypro,,papeterie,,pc,400,400,85,9,,,2669.jpg,,,,,,,
calligraphe cahier pique polypro 17x22 cm 48 p seyes 90g vert,,papeterie,,pc,450,450,8,1,,,2670.jpg,,,,,,,
cahier pique 17*22 bleu 48p seyes 8000 polypro,,papeterie,,pc,500,500,798,80,,,2671.jpg,,,,,,,
calligraphe cahier pique polypro 17x22 cm 32 p seyes ecriture dl3 mmiv 90g violet,,papeterie,,pc,400,400,13,2,,,2672.jpg,,,,,,,
cahier pique 17*22 orange 32p seyes 8000 polypro,,papeterie,,pc,400,400,65,7,,,2674.jpg,,,,,,,
calligraphe lot de 20 cahiers pique polypro 17x22 cm 32 p seyes 90g jaune,,papeterie,,pc,400,400,120,12,,,2675.jpg,,,,,,,
calligraphe lot de 20 cahiers pique polypro 17x22 cm 32 p seyes 90g vert,,papeterie,,pc,400,400,161,17,,,2676.jpg,,,,,,,
"calligraphe couv polypro, ecriture cahier pique bleu 17x22cm 32p seyes2,5mm 90g",,papeterie,,pc,400,400,231,24,,,2677.jpg,,,,,,,
cahier pique 24*32 gris 96p seyes 8000 polypro,,papeterie,,pc,1450,1450,27,3,,,2678.jpg,,,,,,,
calligraphe cahier pique polypro 24x32 cm 96p seyes 90g orange,,papeterie,,pc,1450,1450,11,2,,,2679.jpg,,,,,,,
calligraphe cahier pique polypro 24x32 cm 96p seyes 90g violet,,papeterie,,pc,1200,1200,68,7,,,2680.jpg,,,,,,,
cahier pique 24*32 rose 96p seyes 8000 polypro,,papeterie,,pc,1300,1300,6,1,,,2681.jpg,,,,,,,
bloc triomphe a4 50f ligne 90g,,papeterie,,pc,3350,3350,66,7,,,2685.jpg,,,,,,,
les fables de la fontaine cahier pique 17x22 96p seyes 6 fables ass.,,papeterie,,pc,1100,1100,152,16,,,2686.jpg,,,,,,,
cahier pique a4 96p ligne+marge 90g,,papeterie,,pc,2200,2200,291,30,,,2687.jpg,,,,,,,
cahier pique double ligne 2mm 17*22 32p ligne+marge 90g,,papeterie,,pc,275,275,200,20,,,2688.jpg,,,,,,,
cahier pique 24*32 140p incolore 90g 8000 polypro seyes,,papeterie,,pc,1900,1900,46,5,,,2692.jpg,,,,,,,
cahier pique 24*32 140p rouge 90g 8000 polypro seyes,,papeterie,,pc,1850,1850,5,1,,,2694.jpg,,,,,,,
cahier pique 24*32 140p vert 90g 8000 polypro seyes,,papeterie,,pc,1850,1850,10,1,,,2695.jpg,,,,,,,
cahier pique 24*32 140p bleu 90g 8000 polypro seyes,,papeterie,,pc,2000,2000,8,1,,,2696.jpg,,,,,,,
calligraphe lot de 5 cahiers pique polypro 17x22 cm 140 p seyes 90g incolore,,papeterie,,pc,1200,1200,20,2,,,2697.jpg,,,,,,,
cahier double 2.5mm 17*22 bleu 32p seyes 10 10 8000 polypro,,papeterie,,pc,400,400,44,5,,,2702.jpg,,,,,,,
cahier double ligne 3mm 17*22 vert 32p 8000 polypro,,papeterie,,pc,500,500,109,11,,,2703.jpg,,,,,,,
calligraphe lot de 10 cahiers pique polypro 17x22 cm 48 p seyes 90g jaune,,papeterie,,pc,500,500,40,4,,,2705.jpg,,,,,,,
calligraphe cahier de textes spirale polypro 17x22 124p seyes 70g (assortis),,papeterie,,pc,1650,1650,40,4,,,2706.jpg,,,,,,,
cahier de dessin pique 24*32 96p 120g 8000 polypro uni,,papeterie,,pc,1900,1900,14,2,,,2707.jpg,,,,,,,
carnet pique 110*170 96p 90g 8000 polypro q5,,papeterie,,pc,700,700,15,2,,,2708.jpg,,,,,,,
calligraphe cahier pique polypro poesie & chant 17x22cm 48p r,,papeterie,,pc,500,500,40,4,,,2709.jpg,,,,,,,
cahier colle a4 288p 70g seyes,,papeterie,,pc,3850,3850,6,1,,,2710.jpg,,,,,,,
"oxford, 1 agenda semainier voyage aout 2014 a sept 2015, 09x17cm, plusieurs couleurs disponibles",,papeterie,,pc,5800,5800,20,2,,,2715.jpg,,,,,,,
repertoire spirale  a4 180 pages 5*5,,papeterie,,pc,4550,4550,37,4,,,2730.jpg,,,,,,,
feuille mobile a-p a4 rose 70grs  paquet 50 seyes,,papeterie,,pc,1450,1450,318,32,,,2731.jpg,,,,,,,
feuille mobile a-p a4 bleu 70grs  paquet 50 seyes,,papeterie,,pc,1450,1450,477,48,,,2732.jpg,,,,,,,
feuille mobile a-p a4 vert paquet 50 seyes,,papeterie,,pc,1500,1500,364,37,,,2733.jpg,,,,,,,
cahier de dessin 17*22 16pages 90grs uni,,papeterie,,pc,500,500,3,1,,,2734.jpg,,,,,,,
cahier pique 17*22 140pages 70grs seyes,,papeterie,,pc,900,900,125,13,,,2735.jpg,,,,,,,
cahier pique 24*32 48 pages 90grs seyes vert polypro,,papeterie,,pc,1300,1300,751,76,,,2736.jpg,,,,,,,
cahier pique 24*32. 48pages polypropylene rouge 90grs seyes,,papeterie,,pc,850,850,719,72,,,2737.jpg,,,,,,,
cahier pique 24*32. 48pages polypropylene jaune 90grs seyes,,papeterie,,pc,850,850,801,81,,,2738.jpg,,,,,,,
cahier spirale 17*22. 100pages 70grs seyes,,papeterie,,pc,1350,1350,1,1,,,2741.jpg,,,,,,,
cahier pique 17*22 96pages incolore 90grs seyes,,papeterie,,pc,800,800,2551,256,,,2743.jpg,,,,,,,
cahier pique a4 96pages 70grs q5*5,,papeterie,,pc,900,900,1,1,,,2745.jpg,,,,,,,
repertoire broche remborde a4 192pages q5*5 90grs,,papeterie,,pc,8650,8650,104,11,,,2746.jpg,,,,,,,
agenda caisse perpetuel grain noir,,papeterie,,pc,7000,7000,1,1,,,2747.jpg,,,,,,,
cahier colle  a4 192pages q5*5,,papeterie,,pc,1500,1500,2,1,,,2748.jpg,,,,,,,
cahier broche 17*22 384pages seyes,,papeterie,,pc,800,800,14,2,,,2750.jpg,,,,,,,
recharge exatime 17 fiche client,,papeterie,,pc,3450,3450,7,1,,,2751.jpg,,,,,,,
cahier colle 17*22 seyes 288pages,,papeterie,,pc,800,800,6,1,,,2753.jpg,,,,,,,
cahier pique 17*22 32pages seyes 70grs,,papeterie,,pc,300,300,686,69,,,2758.jpg,,,,,,,
agenda manager repertoire fr soho noir ebene,,papeterie,,pc,18000,18000,5,1,,,2764.jpg,,,,,,,
feuille mobile 17*22 80grs 100pages jaune seyes  paquet 50 s-film 7884c,,papeterie,,pc,850,850,13,2,,,2765.jpg,,,,,,,
copie double perforee a4 120pages 70grs  seyes paquet 60 s-film,,papeterie,,pc,1250,1250,25,3,,,2766.jpg,,,,,,,
feuille mobile a4 80grs 100pages seyes rose paquet 50 s-film,,papeterie,,pc,1250,1250,2,1,,,2767.jpg,,,,,,,
carnet repertoire pique 9*14  301-04 96pages,,papeterie,,pc,1600,1600,41,5,,,2770.jpg,,,,,,,
protege cahier 24*32 luxe vert clair   515 16,,papeterie,,pc,1000,1000,16,2,,,2771.jpg,,,,,,,
carnet repertoire integrale 110*170 180 pages q5*5   90grs,,papeterie,,pc,3250,3250,10,1,,,2773.jpg,,,,,,,
carnet pique 9*14 96pages q5*5 70grs   nf6 68c,,papeterie,,pc,450,450,34,4,,,2774.jpg,,,,,,,
carnet broche 90*140. 192 q5*5   90g,,papeterie,,pc,2350,2350,3,1,,,2775.jpg,,,,,,,
cahier pique 24*32 96p seyes,,papeterie,,pc,1100,1100,96,10,,,2776.jpg,,,,,,,
protege cahier a4 orange     011019-orange,,papeterie,,pc,490,490,2267,227,,,2777.jpg,,,,,,,
rouleau papier soie 50*75cm 954***,,papeterie,,pc,1550,1550,1157,116,,,2778.jpg,,,,,,,
agenda travers asstis,,papeterie,,pc,5700,5700,10,1,,,2781.jpg,,,,,,,
fiche bristol a4 blanc paquet100,,papeterie,,pc,4500,4500,12,2,,,2784.jpg,,,,,,,
protege cahier 17*22 violet,,papeterie,,pc,200,200,1318,132,,,2785.jpg,,,,,,,
protege cahier 17*22 vert fonce,,papeterie,,pc,200,200,1284,129,,,2786.jpg,,,,,,,
protege cahier 17*22 jaune,,papeterie,,pc,200,200,1327,133,,,2787.jpg,,,,,,,
cahier oxford spirale 170*220 180p 90g seyes polypro,,papeterie,,pc,3900,3900,67,7,,,2800.jpg,,,,,,,
protege cahier 24*32 luxe rouge,,papeterie,,pc,700,700,214,22,,,2803.jpg,,,,,,,
protege cahier 24*32 luxe jaune,,papeterie,,pc,700,700,265,27,,,2804.jpg,,,,,,,
protege cahier 24*32 luxe bleu fonce515-04,,papeterie,,pc,700,700,115,12,,,2805.jpg,,,,,,,
cahier pique 17*22 32pages 90grs seyes,,papeterie,,pc,300,300,167,17,,,2806.jpg,,,,,,,
mouilleur 68mm ecolier teinte  eponge plastique,,papeterie,,pc,250,250,2273,228,,,2807.jpg,,,,,,,
agenda eurequart 24*30         impala assorties,,papeterie,,pc,15000,15000,1,1,,,2808.jpg,,,,,,,
agenda direction 24*24.   impala noir,,papeterie,,pc,16500,16500,15,2,,,2809.jpg,,,,,,,
carnet repertoire spirale 11*17 180pages,,papeterie,,pc,3400,3400,62,7,,,2810.jpg,,,,,,,
repertoire pique 17*22. 120pages 5*5,,papeterie,,pc,2500,2500,28,3,,,2811.jpg,,,,,,,
feuille mobile a-p a4 jaune 70grs paquet 50 seyes,,papeterie,,pc,1450,1450,330,33,,,2812.jpg,,,,,,,
feuille mobile a-p 17*22 blanc 90grs paquet 100 seyes,,papeterie,,pc,2150,2150,31,4,,,2813.jpg,,,,,,,
feuille mobile a-p 17*22 rose 70grs paquet 50 seyes,,papeterie,,pc,1500,1500,101,11,,,2814.jpg,,,,,,,
copie double a-p a4 70g 200pages paquet 50 seyes,,papeterie,,pc,1950,1950,356,36,,,2815.jpg,,,,,,,
copie double a-p 17*22 70grs 200pages paquet 50 seyes,,papeterie,,pc,1100,1100,1163,117,,,2816.jpg,,,,,,,
carnet spirale 148*210 180pages  q5*5    78-453,,papeterie,,pc,1950,1950,2,1,,,2818.jpg,,,,,,,
carnet pique 11*17 96pages q5*5,,papeterie,,pc,650,650,235,24,,,2819.jpg,,,,,,,
cahier travaux pratiques spirale a4 80pages 70-120grs seyes-uni,,papeterie,,pc,1900,1900,6,1,,,2820.jpg,,,,,,,
cahier travaux pratiques pique 24*32. 120pages70-120grs seyes-uni,,papeterie,,pc,2050,2050,1987,199,,,2821.jpg,,,,,,,
ephemeride date gauche bloc,,papeterie,,pc,1500,1500,796,80,,,2822.jpg,,,,,,,
cahier conquerant spirale 24*32 seyes,,papeterie,,pc,4450,4450,65,7,,,2824.jpg,,,,,,,
cahier spirale 24*32 180pages 70grs  q5*5,,papeterie,,pc,4350,4350,103,11,,,2825.jpg,,,,,,,
cahier spirale a4 180pages 70grs seyes,,papeterie,,pc,2200,2200,36,4,,,2826.jpg,,,,,,,
cahier spirale a4 100pages 70grs q5*5,,papeterie,,pc,1950,1950,1,1,,,2827.jpg,,,,,,,
cahier spirale 17*22 180pages 70grs seyes,,papeterie,,pc,2200,2200,1,1,,,2828.jpg,,,,,,,
cahier de dessin 17*22. 16pages 88grs q10*10,,papeterie,,pc,500,500,4,1,,,2829.jpg,,,,,,,
cahier broche 24*32 192pages 70grs seyes,,papeterie,,pc,3700,3700,710,71,,,2830.jpg,,,,,,,
cahier broche 24*32 192pages 70grs q5*5,,papeterie,,pc,3900,3900,726,73,,,2831.jpg,,,,,,,
cahier broche a4 192pages 70grs seyes,,papeterie,,pc,2600,2600,652,66,,,2833.jpg,,,,,,,
cahier broche a4 192pages 70grs q5*5,,papeterie,,pc,2600,2600,906,91,,,2834.jpg,,,,,,,
cahier broche 17*22 288pages 70grs seyes,,papeterie,,pc,2950,2950,7198,720,,,2835.jpg,,,,,,,
cahier pique 24*32 96pages 70grs q5*5,,papeterie,,pc,900,900,145,15,,,2836.jpg,,,,,,,
cahier pique 24*32 192pages 70grs q5*5,,papeterie,,pc,2300,2300,73,8,,,2837.jpg,,,,,,,
cahier pique conquerant 24*32 seyes,,papeterie,,pc,2350,2350,147,15,,,2838.jpg,,,,,,,
cahier de dessin 24*32 16p 120g uni,,papeterie,,pc,1500,1500,57,6,,,2839.jpg,,,,,,,
ardoise plastique noir 15*23,,papeterie,,pc,250,250,2,1,,,2840.jpg,,,,,,,
cahier pique a4 192pages 70grs seyes,,papeterie,,pc,1700,1700,628,63,,,2842.jpg,,,,,,,
cahier de musique 17*22 48pages 70grs seyes,,papeterie,,pc,750,750,238,24,,,2843.jpg,,,,,,,
cahier pique double ligne 3mm 17*22 32 pages 70grs,,papeterie,,pc,250,250,3706,371,,,2844.jpg,,,,,,,
cahier pique double ligne 2mm 17*22 32 pages 70grs,,papeterie,,pc,250,250,969,97,,,2845.jpg,,,,,,,
cahier pique 17*22. 192pages 70grs seyes,,papeterie,,pc,1150,1150,504,51,,,2846.jpg,,,,,,,
cahier pique 17*22 96pages seyes,,papeterie,,pc,200,200,62,7,,,2849.jpg,,,,,,,
cahier pique 17*22 32 pages double ligne 3mm,,papeterie,,pc,150,150,1082,109,,,2850.jpg,,,,,,,
carnet repertoire spirale 17*22   404-04 180pages 5*5,,papeterie,,pc,4100,4100,246,25,,,2851.jpg,,,,,,,
cahier pique 17*22 96pages polypropylene gris 90grs seyes,,papeterie,,pc,800,800,2097,210,,,2852.jpg,,,,,,,
cahier spirale 24*32 180pages seyes  polypropylene,,papeterie,,pc,6000,6000,3,1,,,2859.jpg,,,,,,,
protege cahier 17*22 incolore,,papeterie,,pc,100,100,60,6,,,2862.jpg,,,,,,,
cahier dessin 24*32. 16pages 120grs,,papeterie,,pc,1250,1250,5,1,,,2863.jpg,,,,,,,
cahier pique 24*32 70grs 192pages seyes,,papeterie,,pc,1850,1850,1,1,,,2865.jpg,,,,,,,
cahier travaux pratiques pique 17*22 64pages 70-90grs seyes+uni,,papeterie,,pc,500,500,159,16,,,2868.jpg,,,,,,,
cahier pique 24*32 96pages 90grs q5*5,,papeterie,,pc,1400,1400,54,6,,,2869.jpg,,,,,,,
cahier pique 17*22 48pages 70grs seyes,,papeterie,,pc,300,300,67,7,,,2870.jpg,,,,,,,
cahier pique 17*22 96pages 70grs seyes,,papeterie,,pc,450,450,2,1,,,2871.jpg,,,,,,,
cahier colle 17*22 70grs 288pages seyes,,papeterie,,pc,1750,1750,24,3,,,2872.jpg,,,,,,,
cahier colle 17*22. 192pages seyes 70grs,,papeterie,,pc,1000,1000,1,1,,,2874.jpg,,,,,,,
cahier pique 17*22 32pages dl3mm-10 seyes  90grs,,papeterie,,pc,300,300,540,54,,,2881.jpg,,,,,,,
agenda bureau couleur,,papeterie,,pc,3100,3100,9,1,,,2882.jpg,,,,,,,
cahier pique a4 jaune 96pages seyes polypropylene,,papeterie,,pc,1050,1050,9,1,,,2883.jpg,,,,,,,
cahier pique 24*32. 96pages incolore seyes 8000 polypropylene,,papeterie,,pc,1300,1300,8,1,,,2884.jpg,,,,,,,
cahier colle a4 192pages 70grs q5*5,,papeterie,,pc,2400,2400,176,18,,,2885.jpg,,,,,,,
repertoire broche remborde 75*120. 120pages q5*5,,papeterie,,pc,4800,4800,40,4,,,2887.jpg,,,,,,,
cahier canson 17*22. 64pages ( poesie+chant) 120grs,,papeterie,,pc,1550,1550,10,1,,,2888.jpg,,,,,,,
agendascop 30*10 assortis,,papeterie,,pc,8600,8600,36,4,,,2893.jpg,,,,,,,
cahier pique 17*22 32pages dl3mm,,papeterie,,pc,150,150,5,1,,,2894.jpg,,,,,,,
cahier pique 17*22 seyes 192pages 60grs,,papeterie,,pc,450,450,3,1,,,2895.jpg,,,,,,,
cahier pique 17*22 seyes 48pages,,papeterie,,pc,150,150,97521,9753,,,2897.jpg,,,,,,,
protege cahier 17*22 jaune,,papeterie,,pc,100,100,338,34,,,2901.jpg,,,,,,,
cahier broche a4 288pages 70grs seyes,,papeterie,,pc,3600,3600,3615,362,,,2902.jpg,,,,,,,
cahier pique 17*22 96pages polypropylene jaune 90grs seyes,,papeterie,,pc,800,800,4227,423,,,2903.jpg,,,,,,,
cahier pique 17*22. 96pages vert 90grs seyes polypropylene,,papeterie,,pc,800,800,4689,469,,,2905.jpg,,,,,,,
cahier tp pique 17*22 48pages 70-90grs seyes,,papeterie,,pc,700,700,24,3,,,2906.jpg,,,,,,,
cahier broche 17*22 288pages 90grs q5*5,,papeterie,,pc,4950,4950,945,95,,,2907.jpg,,,,,,,
cahier pique 17*22 48pages seyes 70grs,,papeterie,,pc,350,350,599,60,,,2908.jpg,,,,,,,
cahier pique 17*22 96pages seyes 70grs,,papeterie,,pc,450,450,4980,498,,,2909.jpg,,,,,,,
bloc twin adressbook reliure integrale a5 144 pages 80grs,,papeterie,,pc,9600,9600,10,1,,,2910.jpg,,,,,,,
organiserbook a+ ligne 6mm,,papeterie,,pc,12400,12400,9,1,,,2912.jpg,,,,,,,
bloc filingbook reliure integrale a+ 233*298 200 pages 80grs q5*5,,papeterie,,pc,10900,10900,15,2,,,2913.jpg,,,,,,,
bloc activebook reliure integrale  a+ 160 pages 80grs travers,,papeterie,,pc,8600,8600,2,1,,,2914.jpg,,,,,,,
bloc notebook reliure integrale a+ 230*297 160 pages q6,,papeterie,,pc,5950,5950,5,1,,,2916.jpg,,,,,,,
cahier spirale a4 180pages q5*5,,papeterie,,pc,2100,2100,143,15,,,2917.jpg,,,,,,,
feuille de dessin mobile perforee a4 50pages paquet 25 uni,,papeterie,,pc,1300,1300,32,4,,,2919.jpg,,,,,,,
copie double n-p a4 200pages 70grs paquet 50 seyes,,papeterie,,pc,1950,1950,3278,328,,,2921.jpg,,,,,,,
ardoise velleda 19*26      218           1199000218,,papeterie,,pc,1800,1800,532,54,,,2922.jpg,,,,,,,
cahier etudiant a4 192pages seyes colles,,papeterie,,pc,1200,1200,1268,127,,,2923.jpg,,,,,,,
cahier etudiant a4 192pages  colle q5*5,,papeterie,,pc,1000,1000,1149,115,,,2924.jpg,,,,,,,
craie l'etui 10 assortis robercolor,,papeterie,,pc,650,650,378,38,,,2925.jpg,,,,,,,
craie l'etui 10 blanc robercolor,,papeterie,,pc,450,450,31,4,,,2926.jpg,,,,,,,
cahier broche 17*22 192pages 70grs q5-5,,papeterie,,pc,1800,1800,114,12,,,2927.jpg,,,,,,,
cahier broche 17*22 192pages seyes 70grs,,papeterie,,pc,1800,1800,4336,434,,,2928.jpg,,,,,,,
cahier repertoire pique a4 96pages q5*5,,papeterie,,pc,4350,4350,40,4,,,2929.jpg,,,,,,,
sac transparent ldf 45*40cm,,papeterie,,pc,1500,1500,3422,343,,,2933.jpg,,,,,,,
cahier de texte pique 124pages 17*22 q5*5.,,papeterie,,pc,1700,1700,232,24,,,2935.jpg,,,,,,,
cahier travaux pratiques pique 17*22 96pages seyes 70-90grs,,papeterie,,pc,650,650,347,35,,,2936.jpg,,,,,,,
carnet pique 148*210 q5*5 96pages  63682c,,papeterie,,pc,1550,1550,115,12,,,2937.jpg,,,,,,,
feuille mobile 17*22 80grs 100pages seyes  paquet 50 s-film 2076c,,papeterie,,pc,850,850,170,17,,,2939.jpg,,,,,,,
feuille mobile a4 80grs 100pages seyes jaune paquet 50 s-film,,papeterie,,pc,1300,1300,9,1,,,2940.jpg,,,,,,,
feuille mobile a4 80grs 100pages seyes vert paquet 50 s-film,,papeterie,,pc,1250,1250,29,3,,,2941.jpg,,,,,,,
feuille mobile 17*22. 200pages 90grs seyes  paquet 100 s-film,,papeterie,,pc,1500,1500,978,98,,,2942.jpg,,,,,,,
cahier pique a4 192pages 70grs q5*5,,papeterie,,pc,1700,1700,5,1,,,2944.jpg,,,,,,,
cahier pique 17*22 32pages 70grs seyes nf04,,papeterie,,pc,200,200,49,5,,,2945.jpg,,,,,,,
cahier pique 24*32 192pages 70grs q5*5,,papeterie,,pc,2100,2100,26,3,,,2946.jpg,,,,,,,
cahier pique 17*22 140pages 70grs seyes,,papeterie,,pc,700,700,156,16,,,2948.jpg,,,,,,,
cahier colle a4 192pages 70grs seyes,,papeterie,,pc,2850,2850,906,91,,,2949.jpg,,,,,,,
cahier colle 17*22 192pages 70grs seyes nf18,,papeterie,,pc,1850,1850,207,21,,,2950.jpg,,,,,,,
cahier pique 24*32 192pages 70grs seyes,,papeterie,,pc,2100,2100,121,13,,,2951.jpg,,,,,,,
cahier colle 24*32 192pages 70grs seyes,,papeterie,,pc,3000,3000,201,21,,,2952.jpg,,,,,,,
cahier pique 17*22 48pages 70grs seyes nf08,,papeterie,,pc,250,250,105,11,,,2953.jpg,,,,,,,
protege cahier 17*22 vert clair,,papeterie,,pc,200,200,1216,122,,,2955.jpg,,,,,,,
protege cahier 17*22 orange,,papeterie,,pc,200,200,1353,136,,,2956.jpg,,,,,,,
protege cahier 17*22 noir,,papeterie,,pc,300,300,127,13,,,2957.jpg,,,,,,,
protege cahier 17*22 bleu clair,,papeterie,,pc,200,200,1595,160,,,2958.jpg,,,,,,,
socle+bloc planning stirpol fume,,papeterie,,pc,23000,23000,4,1,,,2959.jpg,,,,,,,
rouleau plastique 70*200 assortis  b-j-r-v 5-100me,,papeterie,,pc,1000,1000,4808,481,,,2960.jpg,,,,,,,
rouleau plastique 0.70*2m incolore 5-100me,,papeterie,,pc,1000,1000,10226,1023,,,2961.jpg,,,,,,,
protege cahier a4 jaune    101310 15,,papeterie,,pc,490,490,7470,747,,,2962.jpg,,,,,,,
protege cahier a4 vert fonce  101347 15,,papeterie,,pc,490,490,3736,374,,,2963.jpg,,,,,,,
carnet repertoire pique 11*17   96pages,,papeterie,,pc,2300,2300,52,6,,,2964.jpg,,,,,,,
feuille mobile a-p 17*22 bleu paquet 50 seyes,,papeterie,,pc,1500,1500,114,12,,,2965.jpg,,,,,,,
feuille mobile a-p 17*22 vert paquet 50 seyes,,papeterie,,pc,1500,1500,155,16,,,2966.jpg,,,,,,,
feuillle mobile a-p 17*22 jaune paquet 50 seyes,,papeterie,,pc,1500,1500,137,14,,,2967.jpg,,,,,,,
craie boite 100 blanc robercolor,,papeterie,,pc,1950,1950,5349,535,,,2968.jpg,,,,,,,
ardoise naturelle 18*26 cadre bois,,papeterie,,pc,1850,1850,4,1,,,2969.jpg,,,,,,,
craie boite 100 assorties robercolor,,papeterie,,pc,3600,3600,271,28,,,2970.jpg,,,,,,,
protege cahier 24*32 luxe violet sms,,papeterie,,pc,1600,1600,211,22,,,2971.jpg,,,,,,,
protege cahier 24*32 luxe noir,,papeterie,,pc,800,800,30,3,,,2972.jpg,,,,,,,
protege cahier 24*32 luxe orange    515 10,,papeterie,,pc,1000,1000,1,1,,,2973.jpg,,,,,,,
copie double a-p 17*22 seyes 96pages,,papeterie,,pc,310,310,17,2,,,2975.jpg,,,,,,,
carnet spirale 11*17 100pages  76-452,,papeterie,,pc,650,650,179,18,,,2976.jpg,,,,,,,
cahier spirale a4 180pages 70grs q5*5 nf64,,papeterie,,pc,1750,1750,11,2,,,2978.jpg,,,,,,,
cahier spirale a4 180pages 70grs seyes nf66,,papeterie,,pc,1950,1950,43,5,,,2979.jpg,,,,,,,
cahier spirale a4 100pages 70grs q5*5,,papeterie,,pc,1200,1200,84,9,,,2980.jpg,,,,,,,
cahier spirale 24*32 180pages 70grs seyes,,papeterie,,pc,3800,3800,82,9,,,2981.jpg,,,,,,,
cahier spirale 17*22 180pages 70grs seyes,,papeterie,,pc,1250,1250,46,5,,,2982.jpg,,,,,,,
carnet repertoire broche a4 192pages q5*5 90grs  9149c,,papeterie,,pc,8950,8950,118,12,,,2983.jpg,,,,,,,
carnet repertoire broche 17*22 192 pages q5*5   90grs           9649c,,papeterie,,pc,5150,5150,30,3,,,2984.jpg,,,,,,,
copie double perforee 17*22 120pages 70grs  seyes s-film,,papeterie,,pc,950,950,87,9,,,2986.jpg,,,,,,,
carnet spirale.95*140 180pages q5*5    90grs            8502c,,papeterie,,pc,1750,1750,3,1,,,2987.jpg,,,,,,,
carnet repertoire integrale 9*14 100 pages q5*5 70grs,,papeterie,,pc,1600,1600,11,2,,,2990.jpg,,,,,,,
carnet repertoire integrale.75*120 100 pages q5*5    90grs          8589c,,papeterie,,pc,2350,2350,37,4,,,2991.jpg,,,,,,,
carnet repertoire integrale 148*210 180 pages q5*5   90grs,,papeterie,,pc,4250,4250,21,3,,,2992.jpg,,,,,,,
carnet repertoire pique 9*14 96pages q5*5 70grs   821c,,papeterie,,pc,1000,1000,66,7,,,2993.jpg,,,,,,,
carnet repertoire pique 11*17 96pages q5*5 60grs  841c,,papeterie,,pc,1000,1000,31,4,,,2994.jpg,,,,,,,
carnet repertoire broche remborbe 17*22 q5*5,,papeterie,,pc,6150,6150,88,9,,,2995.jpg,,,,,,,
carnet pique 11*17 96pages q5*5 60grs  nf7 70c,,papeterie,,pc,550,550,15,2,,,2997.jpg,,,,,,,
cahier pique 17*22 32 pages double ligne 4mm 90grs seyes,,papeterie,,pc,300,300,76,8,,,2999.jpg,,,,,,,
pelotte de laine,,papeterie,,pc,650,650,276,28,,,3000.jpg,,,,,,,
"rouleau kraft brun  0,7*3m 0992-100",,papeterie,,pc,1050,1050,190,19,,,3001.jpg,,,,,,,
craie blanche etui 10  a100066,,papeterie,,pc,250,250,2878,288,,,3002.jpg,,,,,,,
rouleau kraft blanc 1*10m 0992-103,,papeterie,,pc,3860,3860,112,12,,,3003.jpg,,,,,,,
socle ephemeride + porte stylo 9166,,papeterie,,pc,6000,6000,17,2,,,3004.jpg,,,,,,,
socle ephemeride + pot a crayon 9165,,papeterie,,pc,7300,7300,1,1,,,3005.jpg,,,,,,,
copie double  a4 n-p seyes 200pages 70grs paquet 100       2615c,,papeterie,,pc,1650,1650,616,62,,,3010.jpg,,,,,,,
cahier pique 17*22 96p seyes nf12 70grs,,papeterie,,pc,450,450,2,1,,,3012.jpg,,,,,,,
cahier pique 24*32 96p q5*5 70grs,,papeterie,,pc,1100,1100,37,4,,,3013.jpg,,,,,,,
rouleau adhesif 45*100m incolore,,papeterie,,pc,1900,1900,1046,105,,,3014.jpg,,,,,,,
rouleau adhesif 45*300 incolore,,papeterie,,pc,5000,5000,1172,118,,,3015.jpg,,,,,,,
feuille mobile a4 80grs 100pages seyes bleu paquet 50 s-film,,papeterie,,pc,1300,1300,81,9,,,3018.jpg,,,,,,,
cahier de texte pique 17*22 120pages 70grs seyes nf54,,papeterie,,pc,1250,1250,371,38,,,3019.jpg,,,,,,,
surligneur jaune et rose spotlier pm,,papeterie,,pc,1350,1350,5,1,,,3029.jpg,,,,,,,
surligneur frixion light vert pointe moyenne,,papeterie,,pc,1000,1000,359,36,,,3030.jpg,,,,,,,
roller uniball encre the fanthom 0 7mm assorti,,papeterie,,pc,2400,2400,120,12,,,3033.jpg,,,,,,,
feutre dessin pochette 12 pointe extra large,,papeterie,,pc,5600,5600,619,62,,,3038.jpg,,,,,,,
feutre kid visa pointe large etui 12,,papeterie,,pc,4150,4150,3251,326,,,3040.jpg,,,,,,,
pochette 4 articles 20cm petit model,,papeterie,,pc,400,400,8,1,,,3043.jpg,,,,,,,
pochette 4 articles petit model blue,,papeterie,,pc,550,550,3,1,,,3047.jpg,,,,,,,
gourdes petit format assorties,,papeterie,,pc,5500,5500,7,1,,,3050.jpg,,,,,,,
taille crayon too nyos,,papeterie,,pc,700,700,31,4,,,3052.jpg,,,,,,,
taille crayon tooth .s.,,papeterie,,pc,700,700,123,13,,,3053.jpg,,,,,,,
taille crayon too nyos,,papeterie,,pc,500,500,90,9,,,3054.jpg,,,,,,,
crayon a papier evolution hb eco,,papeterie,,pc,160,160,2587,259,,,3055.jpg,,,,,,,
stylo bille papermate inkjoy bleu,,papeterie,,pc,200,200,15020,1502,,,3057.jpg,,,,,,,
taille crayon plastique a reservoir 2 trous ty001,,papeterie,,pc,550,550,560,56,,,3058.jpg,,,,,,,
roller encre gel signo broad 1 mm uni,,papeterie,,pc,2250,2250,1,1,,,3059.jpg,,,,,,,
roller encre jetstram sport color 0.7 mm uni,,papeterie,,pc,1750,1750,20,2,,,3061.jpg,,,,,,,
roller encre jetstram 1.0 mm uni,,papeterie,,pc,2850,2850,3,1,,,3062.jpg,,,,,,,
stylo bille powertank1.0 retractable uni,,papeterie,,pc,2750,2750,1,1,,,3063.jpg,,,,,,,
feutre sign pen uni ball,,papeterie,,pc,1500,1500,2,1,,,3064.jpg,,,,,,,
barbie new look grande trousse d',,papeterie,,pc,2500,2500,1,1,,,3073.jpg,,,,,,,
surligneur laureat vert pointe biseaute,,papeterie,,pc,580,580,401,41,,,3074.jpg,,,,,,,
srylo plume ink spicy,,papeterie,,pc,9500,9500,38,4,,,3075.jpg,,,,,,,
stylo plume ink metal friandise,,papeterie,,pc,9500,9500,27,3,,,3076.jpg,,,,,,,
roller ink metal friandise,,papeterie,,pc,9500,9500,33,4,,,3077.jpg,,,,,,,
stylo plume ink pad,,papeterie,,pc,9500,9500,29,3,,,3078.jpg,,,,,,,
stylo plume metal music,,papeterie,,pc,9500,9500,45,5,,,3079.jpg,,,,,,,
stylo plume metal mythic cars,,papeterie,,pc,9500,9500,30,3,,,3080.jpg,,,,,,,
roller metal myhtic cars,,papeterie,,pc,9500,9500,26,3,,,3081.jpg,,,,,,,
roller metal london trip,,papeterie,,pc,9500,9500,60,6,,,3082.jpg,,,,,,,
stylo plume metal newyork city,,papeterie,,pc,9500,9500,33,4,,,3083.jpg,,,,,,,
roller ink metal newyork  city,,papeterie,,pc,9500,9500,32,4,,,3084.jpg,,,,,,,
roller metal mini diabless,,papeterie,,pc,9500,9500,24,3,,,3085.jpg,,,,,,,
stylo plume metal vegetal,,papeterie,,pc,9500,9500,15,2,,,3086.jpg,,,,,,,
roller metal mini vegetal,,papeterie,,pc,9500,9500,33,4,,,3087.jpg,,,,,,,
stylo plume metal mini mots cr,,papeterie,,pc,9500,9500,16,2,,,3088.jpg,,,,,,,
stylo bic crystal rouge pointe fine,,papeterie,,pc,200,200,1050,105,,,3089.jpg,,,,,,,
"1 stylo a encre gel effa""",,papeterie,,pc,1850,1850,7,1,,,3094.jpg,,,,,,,
stylo bille reynolds noir pointe moyenne  055,,papeterie,,pc,250,250,150,15,,,3096.jpg,,,,,,,
pilot coupe stylo bille pointe moyenne rouge,,papeterie,,pc,14450,14450,73,8,,,3098.jpg,,,,,,,
pilot frixion point set de 3 recharges pour roller encre gel thermosensible pointe fine bleu,,papeterie,,pc,1250,1250,66,7,,,3099.jpg,,,,,,,
waterman s0954850 blister de 2 recharges roller a pointe fine en encre noir,,papeterie,,pc,1250,1250,107,11,,,3100.jpg,,,,,,,
pilot plumix neon stylo-plume pointe moyenne vert citron,,papeterie,,pc,6500,6500,27,3,,,3101.jpg,,,,,,,
"stylo roller encre gel g2 buzz -0.7 - rouge""""",,papeterie,,pc,1850,1850,23,3,,,3102.jpg,,,,,,,
roller encre gel bleu pointe extra fine maica,,papeterie,,pc,1800,1800,1,1,,,3103.jpg,,,,,,,
roller encre gel noir pointe extra fine maica,,papeterie,,pc,1800,1800,40,4,,,3105.jpg,,,,,,,
roller g-2 metalic 0.7,,papeterie,,pc,1700,1700,79,8,,,3106.jpg,,,,,,,
roller encre gel g-1grip argent pointe large,,papeterie,,pc,1100,1100,10,1,,,3108.jpg,,,,,,,
stylo frixion light jaune pointe moyenne,,papeterie,,pc,1000,1000,320,32,,,3110.jpg,,,,,,,
stylo frixion light rose pointe moyenne,,papeterie,,pc,1000,1000,394,40,,,3111.jpg,,,,,,,
pilot frixion point set de 3 recharges pour roller encre gel thermosensible pointe fine rouge,,papeterie,,pc,1800,1800,47,5,,,3112.jpg,,,,,,,
roller encre liquide rouge v-ball 0.5 pointe fine,,papeterie,,pc,1450,1450,14,2,,,3114.jpg,,,,,,,
"pilot hi-tecpoint bx-v7 lot de 12 stylo roller pointe tubulaire 0,7 mm encre liquide bleu",,papeterie,,pc,1700,1700,33,4,,,3115.jpg,,,,,,,
"pilot v-ball grip lot de 12 stylo roller pointe metal 0,5 mm encre liquide bleue + grip confort",,papeterie,,pc,1700,1700,21,3,,,3117.jpg,,,,,,,
"pilot v-ball grip lot de 12 stylo roller pointe metal 0,5 mm encre liquide noire + grip confort",,papeterie,,pc,1400,1400,3,1,,,3118.jpg,,,,,,,
papermate reynolds stylo a plume assortiment de couleurs lot de 4,,papeterie,,pc,4800,4800,177,18,,,3120.jpg,,,,,,,
marker stabilo effacable a sec rouge pointe biseau,,papeterie,,pc,500,500,324,33,,,3121.jpg,,,,,,,
marker stabilo effacable a sec vert pointe biseau,,papeterie,,pc,500,500,2526,253,,,3122.jpg,,,,,,,
stylo bille retractable assorti tropikana  pointe fine,,papeterie,,pc,300,300,76,8,,,3123.jpg,,,,,,,
gomme triangulaire stabilo assorti,,papeterie,,pc,150,150,1777,178,,,3125.jpg,,,,,,,
stylo bille stabilo liner retractable pointe fine assorti,,papeterie,,pc,250,250,1,1,,,3126.jpg,,,,,,,
stylo bille stabilo tropikana pointe fine,,papeterie,,pc,250,250,255,26,,,3127.jpg,,,,,,,
marker stabilo effacable a sec noir pointe ogive,,papeterie,,pc,900,900,87,9,,,3132.jpg,,,,,,,
marker stabilo effacable a sec vert pointe ogive,,papeterie,,pc,800,800,4249,425,,,3133.jpg,,,,,,,
exacompta serodo boite de 25 baguettes a relier manuelles 6 mm bleu clair,,papeterie,,pc,200,200,5062,507,,,3134.jpg,,,,,,,
compas a tableau plastiq+adaptateur,,papeterie,,pc,9200,9200,1,1,,,3136.jpg,,,,,,,
colle bic glue stick 21g,,papeterie,,pc,1100,1100,353,36,,,3137.jpg,,,,,,,
regle metalique 40cm,,papeterie,,pc,3500,3500,74,8,,,3142.jpg,,,,,,,
ac   dc - lot de 4 crayons a papier avec gomme,,papeterie,,pc,2500,2500,191,20,,,3146.jpg,,,,,,,
rubafix 572200 toile adhesif mille 38 mm x 3 m - bleu,,papeterie,,pc,4550,4550,10,1,,,3147.jpg,,,,,,,
bolduc lisse 500m*7mm turquoise,,papeterie,,pc,3400,3400,2,1,,,3148.jpg,,,,,,,
bolduc lisse 500m*7mm vert bouteille,,papeterie,,pc,3400,3400,19,2,,,3149.jpg,,,,,,,
bolduc lisse 500m*7mm vert clair,,papeterie,,pc,3400,3400,11,2,,,3150.jpg,,,,,,,
bolduc lisse 500m*7mm vert premium,,papeterie,,pc,3000,3000,26,3,,,3151.jpg,,,,,,,
bolduc lisse 500m*7mm jaune citron,,papeterie,,pc,3000,3000,8,1,,,3152.jpg,,,,,,,
dessin c a grain blanc 180g 24*32 pochette 12f,,papeterie,,pc,3500,3500,1,1,,,3158.jpg,,,,,,,
feutre duo,,papeterie,,pc,3800,3800,107,11,,,3162.jpg,,,,,,,
stylo bille schneider pointe moyenne noir,,papeterie,,pc,150,150,1773,178,,,3163.jpg,,,,,,,
stylo bille schneider pointe moyenne bleu,,papeterie,,pc,150,150,35957,3596,,,3165.jpg,,,,,,,
surligneur briteliner text jaune,,papeterie,,pc,650,650,801,81,,,3166.jpg,,,,,,,
machine a relier pulsar-e,,papeterie,,pc,280850,280850,1,1,,,3173.jpg,,,,,,,
baguet a relier 18mm noir,,papeterie,,pc,550,550,3339,334,,,3184.jpg,,,,,,,
reliure 32 mm blanc,,papeterie,,pc,500,500,349,35,,,3187.jpg,,,,,,,
baguet a relier 15mm incolore,,papeterie,,pc,500,500,2094,210,,,3188.jpg,,,,,,,
baguet a relier 12mm noir  029708 065n,,papeterie,,pc,400,400,3,1,,,3190.jpg,,,,,,,
couv plastique jaune a4        53770,,papeterie,,pc,100,100,9061,907,,,3207.jpg,,,,,,,
reliure 22 m m blanc           53478,,papeterie,,pc,200,200,16,2,,,3209.jpg,,,,,,,
couv delta cuir ivoir a4       53700,,papeterie,,pc,100,100,7461,747,,,3213.jpg,,,,,,,
reliure 22mm blanc noir  pap,,papeterie,,pc,140,140,50,5,,,3215.jpg,,,,,,,
reliure 19mm noir pap,,papeterie,,pc,125,125,89,9,,,3218.jpg,,,,,,,
reliure 19 m m blanc           53474,,papeterie,,pc,120,120,120,12,,,3220.jpg,,,,,,,
reliure 19 m m bleu            53475,,papeterie,,pc,120,120,22649,2265,,,3221.jpg,,,,,,,
reliure 19 m m marron,,papeterie,,pc,100,100,12,2,,,3224.jpg,,,,,,,
reliure 14 m m bleu            53467,,papeterie,,pc,100,100,256,26,,,3225.jpg,,,,,,,
reliure 14 m m blanc 53466,,papeterie,,pc,100,100,494,50,,,3226.jpg,,,,,,,
reliure n,,papeterie,,pc,80,80,145,15,,,3228.jpg,,,,,,,
reliure 12.5 m m bleu          53463,,papeterie,,pc,75,75,43431,4344,,,3229.jpg,,,,,,,
"reliure 12,5 m m noir        53465",,papeterie,,pc,75,75,3042,305,,,3230.jpg,,,,,,,
reliure 08 m m bleu            53455,,papeterie,,pc,60,60,24191,2420,,,3232.jpg,,,,,,,
reliure 10 m m noir            53461,,papeterie,,pc,60,60,33915,3392,,,3233.jpg,,,,,,,
reliure 08 m m noir            53457,,papeterie,,pc,50,50,2059,206,,,3234.jpg,,,,,,,
reliure 06 mm bleu53451,,papeterie,,pc,40,40,47300,4730,,,3237.jpg,,,,,,,
reliure 06 mm noir,,papeterie,,pc,40,40,940,94,,,3238.jpg,,,,,,,
reliure 06 m m blanc    53450 4028193,,papeterie,,pc,40,40,10622,1063,,,3239.jpg,,,,,,,
rech bille maxima noir pf   53501991,,papeterie,,pc,3700,3700,820,82,,,3241.jpg,,,,,,,
badge auto plastique clip metal,,papeterie,,pc,810,810,21,3,,,3243.jpg,,,,,,,
marker craie chalk ass 8mm pte biseautee,,papeterie,,pc,3500,3500,147,15,,,3247.jpg,,,,,,,
roller encre gel signo broad metal 1.0mm,,papeterie,,pc,2525,2525,437,44,,,3248.jpg,,,,,,,
porte mine premium 0.5mm,,papeterie,,pc,5400,5400,2,1,,,3249.jpg,,,,,,,
roller encre encre gel impactbroad rectrac,,papeterie,,pc,2300,2300,28,3,,,3250.jpg,,,,,,,
stylo encre gel signo rectract 0.7mm,,papeterie,,pc,2300,2300,94,10,,,3251.jpg,,,,,,,
roller encre liquide vision elite 0.5mm,,papeterie,,pc,2750,2750,59,6,,,3252.jpg,,,,,,,
roller encre liquide vision elite 0.8mm,,papeterie,,pc,2850,2850,191,20,,,3253.jpg,,,,,,,
roller encre liquide eye needle point 0.5mm vert,,papeterie,,pc,2400,2400,41,5,,,3254.jpg,,,,,,,
roller encre liquide eye needle point 0.5mm rouge,,papeterie,,pc,2400,2400,11,2,,,3255.jpg,,,,,,,
roller encre liquide eye needle point 0.7mm,,papeterie,,pc,2400,2400,58,6,,,3257.jpg,,,,,,,
roller encre liquide eye micro 0.5mm,,papeterie,,pc,2400,2400,74,8,,,3258.jpg,,,,,,,
roller encre jesteream noir,,papeterie,,pc,6500,6500,107,11,,,3259.jpg,,,,,,,
recharge roller v7 encre liquide bleu pointe moyenne,,papeterie,,pc,1900,1900,2,1,,,3268.jpg,,,,,,,
recharge roller v7 encre liquide noir pointe moyenne,,papeterie,,pc,1750,1750,21,3,,,3270.jpg,,,,,,,
recharge roller v5 encre liquide noir pointe fine,,papeterie,,pc,1750,1750,15,2,,,3271.jpg,,,,,,,
four.tout rectangulaire peace&love,,papeterie,,pc,7300,7300,1,1,,,3272.jpg,,,,,,,
four.tout bus,,papeterie,,pc,7300,7300,3,1,,,3273.jpg,,,,,,,
carton dessin 52*72    5328-fv,,papeterie,,pc,15500,15500,2,1,,,3277.jpg,,,,,,,
stylo plume easy clip chery blister 1,,papeterie,,pc,3450,3450,2,1,,,3278.jpg,,,,,,,
recharge stylo energel rechargeable noir,,papeterie,,pc,2200,2200,2,1,,,3281.jpg,,,,,,,
stylo bille retractable moyen  gel noir,,papeterie,,pc,1700,1700,3,1,,,3285.jpg,,,,,,,
porte mine stabilo easy ergo pop hb,,papeterie,,pc,5000,5000,146,15,,,3286.jpg,,,,,,,
stylo stabilo's move elastic writer,,papeterie,,pc,3800,3800,91,10,,,3288.jpg,,,,,,,
porte mine stabilo smart,,papeterie,,pc,4500,4500,329,33,,,3289.jpg,,,,,,,
stylo stabilo easy ball (pop),,papeterie,,pc,3500,3500,152,16,,,3290.jpg,,,,,,,
feutre stabilo pf mini (88) poch 12,,papeterie,,pc,4950,4950,10,1,,,3292.jpg,,,,,,,
feutre stabilo pf (88) zebrui poch 20,,papeterie,,pc,9400,9400,70,7,,,3294.jpg,,,,,,,
feutre stabilo pf (88) color parade poch 20,,papeterie,,pc,9950,9950,36,4,,,3295.jpg,,,,,,,
mine lumograph hb etui 12,,papeterie,,pc,2850,2850,2,1,,,3302.jpg,,,,,,,
doigtiers bleu diam 19mm sachets 12,,papeterie,,pc,2300,2300,2,1,,,3304.jpg,,,,,,,
four.tout formes ass relax,,papeterie,,pc,2000,2000,5,1,,,3310.jpg,,,,,,,
four.tout world ass,,papeterie,,pc,6550,6550,2,1,,,3311.jpg,,,,,,,
gouache liquide bleu turquoise flac 500ml,,papeterie,,pc,2600,2600,6,1,,,3313.jpg,,,,,,,
marker velleda mini bic kids poch 6,,papeterie,,pc,3200,3200,212,22,,,3316.jpg,,,,,,,
ciseaux 20cm br inox satine,,papeterie,,pc,2250,2250,100,10,,,3318.jpg,,,,,,,
boussole orientation 60*140 mm ls,,papeterie,,pc,6250,6250,68,7,,,3324.jpg,,,,,,,
feutre dessin poch 12  09456904 pointe moyenne,,papeterie,,pc,3500,3500,263,27,,,3325.jpg,,,,,,,
stylo bic select widebody grip  bleu,,papeterie,,pc,5200,5200,12,2,,,3330.jpg,,,,,,,
couteau a peindre n,,papeterie,,pc,3750,3750,6,1,,,3335.jpg,,,,,,,
couteau a peindre n,,papeterie,,pc,3750,3750,1,1,,,3336.jpg,,,,,,,
couteau a peindre n,,papeterie,,pc,3750,3750,10,1,,,3337.jpg,,,,,,,
couteau a peindre n,,papeterie,,pc,3750,3750,4,1,,,3338.jpg,,,,,,,
"porte mine marsmicro 0,9 775 09",,papeterie,,pc,2250,2250,100,10,,,3340.jpg,,,,,,,
nettoyant tableau lumocolor      681,,papeterie,,pc,5450,5450,56,6,,,3343.jpg,,,,,,,
"feutre lumoc 0,4mm permanent psf etui 4",,papeterie,,pc,3800,3800,377,38,,,3351.jpg,,,,,,,
feutre lumoc np psf     311wp4 etui 4,,papeterie,,pc,3750,3750,5,1,,,3352.jpg,,,,,,,
"feutre lumoc 0,6mm pte fine   316wp6",,papeterie,,pc,5250,5250,6,1,,,3353.jpg,,,,,,,
rech bille maxima noir pm   53501992,,papeterie,,pc,3650,3650,587,59,,,3356.jpg,,,,,,,
rech bille maxima bleu pm      53502,,papeterie,,pc,3650,3650,184,19,,,3357.jpg,,,,,,,
brosse a tableau magnetic      j3121,,papeterie,,pc,7500,7500,3,1,,,3358.jpg,,,,,,,
marker velleda assortis poch 4          1199001754,,papeterie,,pc,3100,3100,2777,278,,,3359.jpg,,,,,,,
flacon a essence 75ml     300001 terebenthine,,papeterie,,pc,2720,2720,51,6,,,3361.jpg,,,,,,,
stylo tampon pre encre,,papeterie,,pc,32600,32600,1,1,,,3367.jpg,,,,,,,
flacon d'encre bleu 23ml  s0216280,,papeterie,,pc,2350,2350,22,3,,,3369.jpg,,,,,,,
marker effacable a sec pointe biseau rouge,,papeterie,,pc,850,850,2,1,,,3371.jpg,,,,,,,
"porte mine marsmicro 0,7",,papeterie,,pc,2450,2450,102,11,,,3372.jpg,,,,,,,
stylo guichet bille sur socle,,papeterie,,pc,6000,6000,10,1,,,3373.jpg,,,,,,,
brosse a tableau,,papeterie,,pc,1200,1200,1534,154,,,3374.jpg,,,,,,,
couverture delta cuir bleu clair,,papeterie,,pc,100,100,1191,120,,,3375.jpg,,,,,,,
couverture plastique incolore a4 200 microns 53761 ce012080f,,papeterie,,pc,100,100,47637,4764,,,3376.jpg,,,,,,,
"reliure 12,5 m m blanc",,papeterie,,pc,75,75,21489,2149,,,3379.jpg,,,,,,,
reliure 08 blanc,,papeterie,,pc,50,50,38269,3827,,,3381.jpg,,,,,,,
surligneur pointe biseau bleu,,papeterie,,pc,650,650,1,1,,,3382.jpg,,,,,,,
feutre lumocolor permanent noir,,papeterie,,pc,900,900,95,10,,,3383.jpg,,,,,,,
feutre lumocolor permanent bleu,,papeterie,,pc,900,900,189,19,,,3384.jpg,,,,,,,
"calque rouleau 1,10*20m 70 75gr",,papeterie,,pc,25950,25950,1,1,,,3385.jpg,,,,,,,
crayon a papier evolution bout gomme 655 hb,,papeterie,,pc,200,200,5633,564,,,3386.jpg,,,,,,,
stylo couleur bleu gris bout noir heri,,papeterie,,pc,30500,30500,9,1,,,3387.jpg,,,,,,,
stylo a bille heri couleur noir bleu pure avec dessin,,papeterie,,pc,43900,43900,1,1,,,3388.jpg,,,,,,,
stylo a bille couleur noir or avec coffret et cachet heri,,papeterie,,pc,77000,77000,2,1,,,3389.jpg,,,,,,,
machine a relier comb bind c110,,papeterie,,pc,550000,550000,1,1,,,3390.jpg,,,,,,,
etiquette blanche multi-usage a4. 99.1*67.7mm etui de 100,,papeterie,,pc,6000,6000,4,1,,,3392.jpg,,,,,,,
etiquette blanche multi-usage a4. 99*38.1mm etui de 100,,papeterie,,pc,6000,6000,4,1,,,3393.jpg,,,,,,,
etiquette blanche multi-usage a4. 105*99mm etui de 100,,papeterie,,pc,6000,6000,1,1,,,3394.jpg,,,,,,,
etiquette blanche multi-usage a4. 105*50mm etui de 100,,papeterie,,pc,6000,6000,3,1,,,3395.jpg,,,,,,,
etiquette blanche multi-usage a4 210*148mm etui de 100,,papeterie,,pc,6000,6000,1,1,,,3396.jpg,,,,,,,
etiquette blanche multi-usage a4. 63.5*46.6mm etui de 100,,papeterie,,pc,6000,6000,4,1,,,3397.jpg,,,,,,,
etiquette blanche multi-usage a4 70*37mm etui de 100,,papeterie,,pc,7000,7000,1,1,,,3398.jpg,,,,,,,
etiquette blanche multi-usage 70*31mm etui de 100,,papeterie,,pc,6000,6000,2,1,,,3399.jpg,,,,,,,
enveloppe fuchsia gomme 162*229 120g paquet 20,,papeterie,,pc,5500,5500,161,17,,,3412.jpg,,,,,,,
enveloppe gomme blanc 135*210.120g paquet 20,,papeterie,,pc,5250,5250,10,1,,,3416.jpg,,,,,,,
enveloppe fuchsia gomme 165*165. 120g paquet 20,,papeterie,,pc,4850,4850,49,5,,,3417.jpg,,,,,,,
enveloppe bleu lavande 110*220 adhes 120g paquet 20,,papeterie,,pc,3850,3850,53,6,,,3419.jpg,,,,,,,
enveloppe turquoise 110*220 adhes 120g paquet 20,,papeterie,,pc,3850,3850,34,4,,,3420.jpg,,,,,,,
enveloppe gomme grqseille 140*140. 120g paquet 20,,papeterie,,pc,3850,3850,139,14,,,3424.jpg,,,,,,,
enveloppe ivoire gomme 140*140 120g paquet 20,,papeterie,,pc,3850,3850,61,7,,,3425.jpg,,,,,,,
enveloppe capucine 110*220 adhes 120g paquet 20,,papeterie,,pc,3850,3850,73,8,,,3426.jpg,,,,,,,
enveloppe ivoire 110*220 adhes 120g paquet 20,,papeterie,,pc,3850,3850,4,1,,,3427.jpg,,,,,,,
etiquette blanc 21*12 rl1000,,papeterie,,pc,1150,1150,355,36,,,3438.jpg,,,,,,,
"pochette papier vitrail   0992-700 21*29,70",,papeterie,,pc,1550,1550,6,1,,,3439.jpg,,,,,,,
pochette air kraft blanc 350*470  autoc  620,,papeterie,,pc,600,600,107,11,,,3441.jpg,,,,,,,
coffret vide pour carte de visite 82*128,,papeterie,,pc,1100,1100,122,13,,,3442.jpg,,,,,,,
etiquette bij avec fil blanc 9*24 lot 100.        000384,,papeterie,,pc,1050,1050,66,7,,,3443.jpg,,,,,,,
etiquette bij avec fil blanc  lot  100 13*20000387,,papeterie,,pc,1050,1050,372,38,,,3445.jpg,,,,,,,
pochette air kraft blanc 270*360   autoc,,papeterie,,pc,400,400,63,7,,,3446.jpg,,,,,,,
pochette air kraft blanc 180*265  autoc,,papeterie,,pc,200,200,9,1,,,3448.jpg,,,,,,,
pochette kraft radio 380*450  7118 1866,,papeterie,,pc,350,350,1258,126,,,3449.jpg,,,,,,,
pochette air kraft blanc 120*215   autoc        612,,papeterie,,pc,150,150,34,4,,,3450.jpg,,,,,,,
enveloppe prestige 215*215        000124,,papeterie,,pc,150,150,200,20,,,3451.jpg,,,,,,,
pochette kraft 229*324 a soufflet  90g           001990,,papeterie,,pc,150,150,48,5,,,3452.jpg,,,,,,,
enveloppe kraft 280*365     701686,,papeterie,,pc,180,180,565,57,,,3454.jpg,,,,,,,
pochette kraft 280 275*365 aut adhes,,papeterie,,pc,175,175,2537,254,,,3455.jpg,,,,,,,
enveloppe prestige 190*190        000123,,papeterie,,pc,150,150,75,8,,,3456.jpg,,,,,,,
enveloppe kraft 280*365,,papeterie,,pc,125,125,2124,213,,,3458.jpg,,,,,,,
enveloppe prestige 163*205  000173,,papeterie,,pc,120,120,13,2,,,3459.jpg,,,,,,,
enveloppe blanche aut adhes 229*324,,papeterie,,pc,75,75,992,100,,,3461.jpg,,,,,,,
enveloppe kraft aut adhes 229*324,,papeterie,,pc,50,50,260,26,,,3462.jpg,,,,,,,
pochette blanche auto adhes a fenetre 229*324,,papeterie,,pc,60,60,8533,854,,,3464.jpg,,,,,,,
enveloppe kraft 229*324,,papeterie,,pc,70,70,250,25,,,3465.jpg,,,,,,,
pochette blanche aut adhes 229*324,,papeterie,,pc,90,90,29031,2904,,,3466.jpg,,,,,,,
enveloppe kraft 229*324     pfenv229x324k,,papeterie,,pc,95,95,5790,579,,,3468.jpg,,,,,,,
enveloppe blanche  aut adhes  162*229 10661          21876,,papeterie,,pc,40,40,7385,739,,,3471.jpg,,,,,,,
enveloppe kraft 16*22 n a 1441662,,papeterie,,pc,60,60,8489,849,,,3472.jpg,,,,,,,
enveloppe kraft 162*229     001662 a5,,papeterie,,pc,45,45,384,39,,,3473.jpg,,,,,,,
enveloppe kraft aut adhes 176*250,,papeterie,,pc,30,30,526,53,,,3476.jpg,,,,,,,
enveloppe avion aut adhes 110*220  bbr,,papeterie,,pc,50,50,450,45,,,3478.jpg,,,,,,,
enveloppe blanche auto adhes dl 110*220,,papeterie,,pc,30,30,168726,16873,,,3481.jpg,,,,,,,
enveloppe blanche aut adhes fenetre 11*22  a bande 1571,,papeterie,,pc,25,25,2508,251,,,3482.jpg,,,,,,,
enveloppe blanche auto adhes c6  114*162,,papeterie,,pc,30,30,125895,12590,,,3485.jpg,,,,,,,
enveloppe kern 114*229 af 45*100  701598,,papeterie,,pc,20,20,4825,483,,,3486.jpg,,,,,,,
enveloppe kraft 114*162,,papeterie,,pc,30,30,5911,592,,,3487.jpg,,,,,,,
marker permanent vert pointe biseau,,papeterie,,pc,500,500,224,23,,,3491.jpg,,,,,,,
colle aerosol spraymount 400ml 7024,,papeterie,,pc,12775,12775,1,1,,,3493.jpg,,,,,,,
colle vinylique extra 1kg flacon forte,,papeterie,,pc,4350,4350,22,3,,,3494.jpg,,,,,,,
colle flacon 1 l transp.        ct1l,,papeterie,,pc,2600,2600,384,39,,,3495.jpg,,,,,,,
colle flacon 1 l blanc          vi1l,,papeterie,,pc,2500,2500,177,18,,,3496.jpg,,,,,,,
colle stick  40g bib,,papeterie,,pc,1700,1700,62,7,,,3499.jpg,,,,,,,
collle stick bib 40g baton,,papeterie,,pc,1600,1600,235,24,,,3501.jpg,,,,,,,
colle blanche jerrycan,,papeterie,,pc,1700,1700,39,4,,,3502.jpg,,,,,,,
colle uhu flacon transp 90ml adhes,,papeterie,,pc,2100,2100,337,34,,,3503.jpg,,,,,,,
colle flacon 100ml blanc      vi125e,,papeterie,,pc,1100,1100,303,31,,,3505.jpg,,,,,,,
colle stick  20g bib 83636,,papeterie,,pc,1100,1100,7,1,,,3506.jpg,,,,,,,
colle baton 40gr,,papeterie,,pc,2000,2000,98,10,,,3507.jpg,,,,,,,
colle flacon 50gr blanc,,papeterie,,pc,1400,1400,2,1,,,3509.jpg,,,,,,,
colle tube universelle 30ml,,papeterie,,pc,1300,1300,12,2,,,3510.jpg,,,,,,,
colle baton 20gr,,papeterie,,pc,1150,1150,30,3,,,3511.jpg,,,,,,,
colle universelle uhu 33ml,,papeterie,,pc,1200,1200,36,4,,,3512.jpg,,,,,,,
colle oceane  flacon bleutee  60g,,papeterie,,pc,800,800,126,13,,,3516.jpg,,,,,,,
colle tube universelle 30g,,papeterie,,pc,600,600,46,5,,,3517.jpg,,,,,,,
colle tube univers gel. 30ml,,papeterie,,pc,1050,1050,155,16,,,3518.jpg,,,,,,,
colle tube univers.30ml,,papeterie,,pc,1100,1100,26,3,,,3519.jpg,,,,,,,
colle tube univers.30ml blister      866000,,papeterie,,pc,1750,1750,4,1,,,3520.jpg,,,,,,,
colle uhu stick baton,,papeterie,,pc,700,700,751,76,,,3523.jpg,,,,,,,
colle pot 50gr blanc,,papeterie,,pc,600,600,227,23,,,3524.jpg,,,,,,,
colle tube univers. 30ml sans solvant,,papeterie,,pc,500,500,119,12,,,3527.jpg,,,,,,,
colle pot 23gr blancb30,,papeterie,,pc,250,250,136,14,,,3530.jpg,,,,,,,
ciseau bureau bp 18 cm,,papeterie,,pc,1950,1950,6,1,,,3534.jpg,,,,,,,
surligneur orange pointe biseaute,,papeterie,,pc,550,550,747,75,,,3540.jpg,,,,,,,
taille crayon metal 2 trous 851202,,papeterie,,pc,550,550,32,4,,,3541.jpg,,,,,,,
marker permanent bleu  pointe biseaute 2211019,,papeterie,,pc,700,700,250,25,,,3542.jpg,,,,,,,
marker permanent chisel bleu pointe biseau,,papeterie,,pc,550,550,3,1,,,3545.jpg,,,,,,,
"mine 0,7m m b etui 12",,papeterie,,pc,530,530,27,3,,,3548.jpg,,,,,,,
crayon de couleur court etui 12. ax-educ,,papeterie,,pc,450,450,427,43,,,3551.jpg,,,,,,,
surligneur  rose,,papeterie,,pc,550,550,24,3,,,3552.jpg,,,,,,,
roller triplus 0.4mm vert,,papeterie,,pc,550,550,4,1,,,3555.jpg,,,,,,,
"recharge stylo diagonal, color exclusive, color light switch et classic",,papeterie,,pc,500,500,80,8,,,3558.jpg,,,,,,,
marker permanent rouge pointe biseau py106000,,papeterie,,pc,600,600,50,5,,,3559.jpg,,,,,,,
marker permanent  noir 1199230009  pointe biseau 2305,,papeterie,,pc,500,500,70,7,,,3560.jpg,,,,,,,
marker permanent  bleu 1199230006  pointe biseau,,papeterie,,pc,500,500,549,55,,,3561.jpg,,,,,,,
marker permanent rouge 1199230003 pointe biseau,,papeterie,,pc,500,500,739,74,,,3562.jpg,,,,,,,
stylo roller pointe fine vert,,papeterie,,pc,500,500,2019,202,,,3563.jpg,,,,,,,
marker permanent vert pointe biseau py106000,,papeterie,,pc,500,500,44,5,,,3564.jpg,,,,,,,
stylo roller pointe fine bleu,,papeterie,,pc,500,500,3088,309,,,3565.jpg,,,,,,,
"marker permanent artline 0,4   bleu",,papeterie,,pc,790,790,9,1,,,3568.jpg,,,,,,,
roller triplus 0.4mm rouge,,papeterie,,pc,750,750,17,2,,,3569.jpg,,,,,,,
roller triplus 0.4mm noir,,papeterie,,pc,475,475,33,4,,,3570.jpg,,,,,,,
cristal clic  bleu.            850733,,papeterie,,pc,450,450,1,1,,,3572.jpg,,,,,,,
cristal clic rouge.            850734,,papeterie,,pc,450,450,257,26,,,3573.jpg,,,,,,,
stylo tropikana 338 noir pm,,papeterie,,pc,450,450,6,1,,,3577.jpg,,,,,,,
stylo tropikana 338 rouge pm,,papeterie,,pc,450,450,63,7,,,3578.jpg,,,,,,,
stylo tropikana 338 vert pm,,papeterie,,pc,450,450,150,15,,,3579.jpg,,,,,,,
surligneur stabilo neon rose,,papeterie,,pc,520,520,2,1,,,3582.jpg,,,,,,,
surligneur stabilo neon jaune,,papeterie,,pc,580,580,686,69,,,3583.jpg,,,,,,,
stylo ballpoint retractable kb113400tc assort,,papeterie,,pc,450,450,144,15,,,3584.jpg,,,,,,,
colle bicstick glue,,papeterie,,pc,400,400,2057,206,,,3586.jpg,,,,,,,
rouleau adhesif 19*33 rocket eco transparent,,papeterie,,pc,300,300,2482,249,,,3587.jpg,,,,,,,
stylo bille pointe fine noir,,papeterie,,pc,400,400,2273,228,,,3588.jpg,,,,,,,
stylo bille pointe fine rouge,,papeterie,,pc,400,400,6049,605,,,3589.jpg,,,,,,,
stylo bille pointe fine bleu,,papeterie,,pc,400,400,5479,548,,,3590.jpg,,,,,,,
surligneur jaune,,papeterie,,pc,380,380,1,1,,,3593.jpg,,,,,,,
surligneur paper mate vert   1230448,,papeterie,,pc,380,380,951,96,,,3594.jpg,,,,,,,
surligneur paper mate rose   1230426,,papeterie,,pc,380,380,1604,161,,,3595.jpg,,,,,,,
surligneur paper mate bleu   1230432,,papeterie,,pc,380,380,755,76,,,3596.jpg,,,,,,,
crayon tradition 110-3b,,papeterie,,pc,300,300,1306,131,,,3598.jpg,,,,,,,
crayon tradition 110-4b,,papeterie,,pc,300,300,142,15,,,3599.jpg,,,,,,,
crayon tradition 110 b,,papeterie,,pc,300,300,355,36,,,3600.jpg,,,,,,,
stylo ballpoint excel 828  bleu  pm,,papeterie,,pc,350,350,1172,118,,,3601.jpg,,,,,,,
stylo ballpoint excel 828 rouge pm,,papeterie,,pc,350,350,1056,106,,,3602.jpg,,,,,,,
crayon tradition 110 2b,,papeterie,,pc,300,300,343,35,,,3603.jpg,,,,,,,
stylo ballpoint excel 828 noir pm,,papeterie,,pc,350,350,3217,322,,,3604.jpg,,,,,,,
taille crayon metal 1 trou.  851202,,papeterie,,pc,350,350,2,1,,,3606.jpg,,,,,,,
crayon noris 120-(2)hb,,papeterie,,pc,250,250,4238,424,,,3607.jpg,,,,,,,
"stylo gel ink pen gp527.  0,7 noir",,papeterie,,pc,350,350,547,55,,,3608.jpg,,,,,,,
"stylo gel ink pengp527.  0,7 rouge",,papeterie,,pc,350,350,342,35,,,3609.jpg,,,,,,,
crayon tradition hb     110 hb,,papeterie,,pc,300,300,5057,506,,,3611.jpg,,,,,,,
stylo bille ball 432 noir,,papeterie,,pc,350,350,21,3,,,3615.jpg,,,,,,,
correcteur tape  7250,,papeterie,,pc,300,300,11,2,,,3616.jpg,,,,,,,
porte mine bic clic matic 0.5,,papeterie,,pc,300,300,1246,125,,,3617.jpg,,,,,,,
gomme duo plastique pm,,papeterie,,pc,250,250,736,74,,,3618.jpg,,,,,,,
"stylo gel ink pen gp725. 0,7 bleu",,papeterie,,pc,300,300,36,4,,,3619.jpg,,,,,,,
